Name,Prop,Line
Bam Adebayo,20.5,Points
Cameron Johnson,14.5,Points
Jimmy Butler,24.5,Points
Mikal Bridges,23.5,Points
Nicolas Claxton,10.5,Points
Spencer Dinwiddie,19.5,Points
Tyler Herro,18.5,Points
Aaron Gordon,14.5,Points
Jamal Murray,21.5,Points
Michael Porter Jr.,17.5,Points
Nikola Jokic,24.5,Points
Brandon Ingram,26.5,Points
CJ McCollum,20.5,Points
Eric Gordon,12.5,Points
Herbert Jones,8.5,Points
Ivica Zubac,11.5,Points
Jonas Valanciunas,16.5,Points
Kawhi Leonard,27.5,Points
Russell Westbrook,17.5,Points
Bam Adebayo,9.0,Rebounds
Cameron Johnson,4.0,Rebounds
Jimmy Butler,6.5,Rebounds
Mikal Bridges,4.0,Rebounds
Nicolas Claxton,8.5,Rebounds
Spencer Dinwiddie,3.5,Rebounds
Tyler Herro,5.5,Rebounds
Aaron Gordon,6.0,Rebounds
Jamal Murray,4.0,Rebounds
Michael Porter Jr.,5.5,Rebounds
Nikola Jokic,12.5,Rebounds
Brandon Ingram,5.0,Rebounds
CJ McCollum,4.0,Rebounds
Herbert Jones,4.0,Rebounds
Ivica Zubac,9.5,Rebounds
Jonas Valanciunas,11.5,Rebounds
Kawhi Leonard,6.5,Rebounds
Russell Westbrook,5.5,Rebounds
Jimmy Butler,5.0,Assists
Tyler Herro,3.5,Assists
Jamal Murray,6.5,Assists
Kentavious Caldwell-Pope,2.5,Assists
Nikola Jokic,9.5,Assists
Brandon Ingram,6.0,Assists
CJ McCollum,5.5,Assists
Eric Gordon,2.5,Assists
Kawhi Leonard,4.5,Assists
Russell Westbrook,7.5,Assists
Bam Adebayo,32.5,Pts+Rebs+Asts
Cameron Johnson,20.5,Pts+Rebs+Asts
Jimmy Butler,36.5,Pts+Rebs+Asts
Mikal Bridges,29.5,Pts+Rebs+Asts
Nicolas Claxton,20.5,Pts+Rebs+Asts
Spencer Dinwiddie,31.5,Pts+Rebs+Asts
Tyler Herro,28.5,Pts+Rebs+Asts
Aaron Gordon,23.5,Pts+Rebs+Asts
Jamal Murray,31.5,Pts+Rebs+Asts
Michael Porter Jr.,24.5,Pts+Rebs+Asts
Nikola Jokic,46.5,Pts+Rebs+Asts
Brandon Ingram,37.5,Pts+Rebs+Asts
CJ McCollum,30.5,Pts+Rebs+Asts
Ivica Zubac,21.5,Pts+Rebs+Asts
Jonas Valanciunas,29.5,Pts+Rebs+Asts
Kawhi Leonard,38.5,Pts+Rebs+Asts
Russell Westbrook,30.5,Pts+Rebs+Asts
Tyler Herro,2.5,3-PT Made
Kentavious Caldwell-Pope,1.5,3-PT Made
Brandon Ingram,1.5,3-PT Made
CJ McCollum,2.5,3-PT Made
Marcus Morris,1.5,3-PT Made
Bam Adebayo,29.5,Pts+Rebs
Cameron Johnson,18.5,Pts+Rebs
Jimmy Butler,31.5,Pts+Rebs
Mikal Bridges,27.5,Pts+Rebs
Nicolas Claxton,19.5,Pts+Rebs
Spencer Dinwiddie,22.5,Pts+Rebs
Tyler Herro,24.5,Pts+Rebs
Aaron Gordon,20.5,Pts+Rebs
Jamal Murray,25.5,Pts+Rebs
Kentavious Caldwell-Pope,11.5,Pts+Rebs
Michael Porter Jr.,23.5,Pts+Rebs
Nikola Jokic,36.5,Pts+Rebs
Brandon Ingram,31.5,Pts+Rebs
CJ McCollum,24.5,Pts+Rebs
Eric Gordon,14.5,Pts+Rebs
Herbert Jones,12.5,Pts+Rebs
Ivica Zubac,20.5,Pts+Rebs
Jonas Valanciunas,27.5,Pts+Rebs
Kawhi Leonard,34.5,Pts+Rebs
Russell Westbrook,22.5,Pts+Rebs
Bam Adebayo,23.5,Pts+Asts
Cameron Johnson,16.5,Pts+Asts
Jimmy Butler,29.5,Pts+Asts
Mikal Bridges,25.5,Pts+Asts
Nicolas Claxton,12.5,Pts+Asts
Spencer Dinwiddie,28.5,Pts+Asts
Tyler Herro,22.5,Pts+Asts
Aaron Gordon,17.5,Pts+Asts
Jamal Murray,27.5,Pts+Asts
Kentavious Caldwell-Pope,11.5,Pts+Asts
Michael Porter Jr.,18.5,Pts+Asts
Nikola Jokic,33.5,Pts+Asts
Brandon Ingram,32.5,Pts+Asts
CJ McCollum,26.5,Pts+Asts
Eric Gordon,15.5,Pts+Asts
Herbert Jones,10.5,Pts+Asts
Ivica Zubac,12.5,Pts+Asts
Jonas Valanciunas,18.5,Pts+Asts
Kawhi Leonard,32.5,Pts+Asts
Russell Westbrook,24.5,Pts+Asts
Nikola Jokic,22.5,Rebs+Asts
CJ McCollum,9.5,Rebs+Asts
Ivica Zubac,10.5,Rebs+Asts
Jonas Valanciunas,13.5,Rebs+Asts
Russell Westbrook,12.5,Rebs+Asts
Mikal Bridges,1.5,Blks+Stls
Russell Westbrook,1.5,Blks+Stls
Alijah Martin,13.5,Points
Markquis Nowell,17.5,Points
Bryan Greenlee,7.5,Points
Keyontae Johnson,17.0,Points
Johnell Davis,14.5,Points
Cam Carter,6.5,Points
Nae'Qwan Tomlin,10.5,Points
Desi Sills,8.5,Points
Nick Boyd,9.0,Points
Vladislav Goldin,7.5,Points
Adama Sanogo,17.0,Points
Alex Karaban,8.0,Points
Andre Jackson,7.5,Points
Anton Watson,11.5,Points
Drew Timme,21.5,Points
Jordan Hawkins,16.0,Points
Julian Strawther,14.5,Points
Tristen Newton,10.5,Points
Malachi Smith,8.0,Points
Nolan Hickman,6.0,Points
Rasir Bolton,7.5,Points
Alijah Martin,5.0,Rebounds
Markquis Nowell,4.0,Rebounds
Keyontae Johnson,7.0,Rebounds
Johnell Davis,6.0,Rebounds
Cam Carter,3.0,Rebounds
Nae'Qwan Tomlin,6.0,Rebounds
Desi Sills,4.0,Rebounds
Nick Boyd,4.5,Rebounds
Vladislav Goldin,6.5,Rebounds
Adama Sanogo,7.5,Rebounds
Alex Karaban,4.5,Rebounds
Andre Jackson,6.5,Rebounds
Anton Watson,7.5,Rebounds
Drew Timme,7.5,Rebounds
Jordan Hawkins,3.5,Rebounds
Julian Strawther,5.5,Rebounds
Tristen Newton,4.5,Rebounds
Markquis Nowell,8.5,Assists
Johnell Davis,1.5,Assists
Nick Boyd,2.5,Assists
Andre Jackson,4.5,Assists
Anton Watson,2.5,Assists
Drew Timme,3.0,Assists
Tristen Newton,5.0,Assists
Alijah Martin,19.5,Pts+Rebs+Asts
Markquis Nowell,30.5,Pts+Rebs+Asts
Bryan Greenlee,12.5,Pts+Rebs+Asts
Keyontae Johnson,25.5,Pts+Rebs+Asts
Johnell Davis,22.5,Pts+Rebs+Asts
Cam Carter,11.5,Pts+Rebs+Asts
Nae'Qwan Tomlin,17.5,Pts+Rebs+Asts
Desi Sills,15.5,Pts+Rebs+Asts
Nick Boyd,16.5,Pts+Rebs+Asts
Vladislav Goldin,14.5,Pts+Rebs+Asts
Adama Sanogo,25.5,Pts+Rebs+Asts
Alex Karaban,13.5,Pts+Rebs+Asts
Andre Jackson,18.5,Pts+Rebs+Asts
Anton Watson,21.5,Pts+Rebs+Asts
Drew Timme,32.5,Pts+Rebs+Asts
Jordan Hawkins,20.5,Pts+Rebs+Asts
Julian Strawther,21.5,Pts+Rebs+Asts
Tristen Newton,20.5,Pts+Rebs+Asts
Malachi Smith,13.5,Pts+Rebs+Asts
Nolan Hickman,10.5,Pts+Rebs+Asts
Rasir Bolton,12.5,Pts+Rebs+Asts
Alijah Martin,23.8,Fantasy Score
Markquis Nowell,37.3,Fantasy Score
Keyontae Johnson,29.5,Fantasy Score
Johnell Davis,26.9,Fantasy Score
Adama Sanogo,30.8,Fantasy Score
Drew Timme,37.4,Fantasy Score
Julian Strawther,25.7,Fantasy Score
Keyontae Johnson,1.5,3-PT Made
Anton Watson,0.5,3-PT Made
Jordan Hawkins,2.5,3-PT Made
Adama Sanogo,24.5,Pts+Rebs
Andre Jackson,14.0,Pts+Rebs
Anton Watson,19.0,Pts+Rebs
Drew Timme,29.5,Pts+Rebs
Tristen Newton,15.0,Pts+Rebs
Andre Jackson,12.0,Pts+Asts
Tristen Newton,15.0,Pts+Asts
Andre Jackson,11.0,Rebs+Asts
Tristen Newton,9.5,Rebs+Asts
Max Homa,5.0,Holes Won
Sam Burns,4.5,Holes Won
Matt Kuchar,4.5,Holes Won
Scottie Scheffler,5.0,Holes Won
Xander Schauffele,5.0,Holes Won
Rory McIlroy,5.0,Holes Won
Kurt Kitayama,4.5,Holes Won
Cameron Young,4.5,Holes Won
Wyndham Clark,4.5,Birdies Or Better
Joel Dahmen,4.0,Birdies Or Better
Thomas Detry,4.0,Birdies Or Better
Ben Martin,4.0,Birdies Or Better
Kramer Hickok,4.0,Birdies Or Better
Tyler Duncan,4.0,Birdies Or Better
Taylor Pendrith,4.0,Birdies Or Better
Matt Wallace,4.0,Birdies Or Better
Erik Van Rooyen,4.0,Birdies Or Better
Emiliano Grillo,3.5,Birdies Or Better
Akshay Bhatia,4.0,Birdies Or Better
Brice Garnett,4.0,Birdies Or Better
Wyndham Clark,70.0,Strokes
Joel Dahmen,70.5,Strokes
Thomas Detry,70.5,Strokes
Ben Martin,70.5,Strokes
Kramer Hickok,70.5,Strokes
Tyler Duncan,70.5,Strokes
Taylor Pendrith,70.5,Strokes
Matt Wallace,70.5,Strokes
Erik Van Rooyen,70.5,Strokes
Emiliano Grillo,71.0,Strokes
Akshay Bhatia,70.5,Strokes
Brice Garnett,70.5,Strokes
Wyndham Clark,0.0,Birdies Or Better Matchup
Joel Dahmen,0.0,Birdies Or Better Matchup
Thomas Detry,0.0,Birdies Or Better Matchup
Ben Martin,0.0,Birdies Or Better Matchup
Kramer Hickok,0.0,Birdies Or Better Matchup
Tyler Duncan,0.0,Birdies Or Better Matchup
Taylor Pendrith,0.0,Birdies Or Better Matchup
Matt Wallace,0.0,Birdies Or Better Matchup
Erik Van Rooyen,0.0,Birdies Or Better Matchup
Emiliano Grillo,0.0,Birdies Or Better Matchup
Akshay Bhatia,0.0,Birdies Or Better Matchup
Brice Garnett,0.0,Birdies Or Better Matchup
Alijah Martin,13.5,Points
Markquis Nowell,17.5,Points
Bryan Greenlee,7.5,Points
Keyontae Johnson,17.0,Points
Johnell Davis,14.5,Points
Cam Carter,6.5,Points
Nae'Qwan Tomlin,10.5,Points
Desi Sills,8.5,Points
Nick Boyd,9.0,Points
Vladislav Goldin,7.5,Points
Adama Sanogo,17.0,Points
Alex Karaban,8.0,Points
Andre Jackson,7.5,Points
Anton Watson,11.5,Points
Drew Timme,21.5,Points
Jordan Hawkins,16.0,Points
Julian Strawther,14.5,Points
Tristen Newton,10.5,Points
Malachi Smith,8.0,Points
Nolan Hickman,6.0,Points
Rasir Bolton,7.5,Points
Alijah Martin,5.0,Rebounds
Markquis Nowell,4.0,Rebounds
Keyontae Johnson,7.0,Rebounds
Johnell Davis,6.0,Rebounds
Cam Carter,3.0,Rebounds
Nae'Qwan Tomlin,6.0,Rebounds
Desi Sills,4.0,Rebounds
Nick Boyd,4.5,Rebounds
Vladislav Goldin,6.5,Rebounds
Adama Sanogo,7.5,Rebounds
Alex Karaban,4.5,Rebounds
Andre Jackson,6.5,Rebounds
Anton Watson,7.5,Rebounds
Drew Timme,7.5,Rebounds
Jordan Hawkins,3.5,Rebounds
Julian Strawther,5.5,Rebounds
Tristen Newton,4.5,Rebounds
Markquis Nowell,8.5,Assists
Johnell Davis,1.5,Assists
Nick Boyd,2.5,Assists
Andre Jackson,4.5,Assists
Anton Watson,2.5,Assists
Drew Timme,3.0,Assists
Tristen Newton,5.0,Assists
Alijah Martin,19.5,Pts+Rebs+Asts
Markquis Nowell,30.5,Pts+Rebs+Asts
Bryan Greenlee,12.5,Pts+Rebs+Asts
Keyontae Johnson,25.5,Pts+Rebs+Asts
Johnell Davis,22.5,Pts+Rebs+Asts
Cam Carter,11.5,Pts+Rebs+Asts
Nae'Qwan Tomlin,17.5,Pts+Rebs+Asts
Desi Sills,15.5,Pts+Rebs+Asts
Nick Boyd,16.5,Pts+Rebs+Asts
Vladislav Goldin,14.5,Pts+Rebs+Asts
Adama Sanogo,25.5,Pts+Rebs+Asts
Alex Karaban,13.5,Pts+Rebs+Asts
Andre Jackson,18.5,Pts+Rebs+Asts
Anton Watson,21.5,Pts+Rebs+Asts
Drew Timme,32.5,Pts+Rebs+Asts
Jordan Hawkins,20.5,Pts+Rebs+Asts
Julian Strawther,21.5,Pts+Rebs+Asts
Tristen Newton,20.5,Pts+Rebs+Asts
Malachi Smith,13.5,Pts+Rebs+Asts
Nolan Hickman,10.5,Pts+Rebs+Asts
Rasir Bolton,12.5,Pts+Rebs+Asts
Alijah Martin,23.8,Fantasy Score
Markquis Nowell,37.3,Fantasy Score
Keyontae Johnson,29.5,Fantasy Score
Johnell Davis,26.9,Fantasy Score
Adama Sanogo,30.8,Fantasy Score
Drew Timme,37.4,Fantasy Score
Julian Strawther,25.7,Fantasy Score
Keyontae Johnson,1.5,3-PT Made
Anton Watson,0.5,3-PT Made
Jordan Hawkins,2.5,3-PT Made
Adama Sanogo,24.5,Pts+Rebs
Andre Jackson,14.0,Pts+Rebs
Anton Watson,19.0,Pts+Rebs
Drew Timme,29.5,Pts+Rebs
Tristen Newton,15.0,Pts+Rebs
Andre Jackson,12.0,Pts+Asts
Tristen Newton,15.0,Pts+Asts
Andre Jackson,11.0,Rebs+Asts
Tristen Newton,9.5,Rebs+Asts
Max Homa,5.0,Holes Won
Sam Burns,4.5,Holes Won
Matt Kuchar,4.5,Holes Won
Scottie Scheffler,5.0,Holes Won
Xander Schauffele,5.0,Holes Won
Rory McIlroy,5.0,Holes Won
Kurt Kitayama,4.5,Holes Won
Cameron Young,4.5,Holes Won
Wyndham Clark,4.5,Birdies Or Better
Joel Dahmen,4.0,Birdies Or Better
Thomas Detry,4.0,Birdies Or Better
Ben Martin,4.0,Birdies Or Better
Kramer Hickok,4.0,Birdies Or Better
Tyler Duncan,4.0,Birdies Or Better
Taylor Pendrith,4.0,Birdies Or Better
Matt Wallace,4.0,Birdies Or Better
Erik Van Rooyen,4.0,Birdies Or Better
Emiliano Grillo,3.5,Birdies Or Better
Akshay Bhatia,4.0,Birdies Or Better
Brice Garnett,4.0,Birdies Or Better
Wyndham Clark,70.0,Strokes
Joel Dahmen,70.5,Strokes
Thomas Detry,70.5,Strokes
Ben Martin,70.5,Strokes
Kramer Hickok,70.5,Strokes
Tyler Duncan,70.5,Strokes
Taylor Pendrith,70.5,Strokes
Matt Wallace,70.5,Strokes
Erik Van Rooyen,70.5,Strokes
Emiliano Grillo,71.0,Strokes
Akshay Bhatia,70.5,Strokes
Brice Garnett,70.5,Strokes
Wyndham Clark,0.0,Birdies Or Better Matchup
Joel Dahmen,0.0,Birdies Or Better Matchup
Thomas Detry,0.0,Birdies Or Better Matchup
Ben Martin,0.0,Birdies Or Better Matchup
Kramer Hickok,0.0,Birdies Or Better Matchup
Tyler Duncan,0.0,Birdies Or Better Matchup
Taylor Pendrith,0.0,Birdies Or Better Matchup
Matt Wallace,0.0,Birdies Or Better Matchup
Erik Van Rooyen,0.0,Birdies Or Better Matchup
Emiliano Grillo,0.0,Birdies Or Better Matchup
Akshay Bhatia,0.0,Birdies Or Better Matchup
Brice Garnett,0.0,Birdies Or Better Matchup
Bam Adebayo,10.5,Points
Cameron Johnson,7.5,Points
Jimmy Butler,12.5,Points
Mikal Bridges,11.5,Points
Nicolas Claxton,5.5,Points
Spencer Dinwiddie,9.5,Points
Tyler Herro,9.5,Points
Aaron Gordon,7.5,Points
Jamal Murray,10.5,Points
Michael Porter Jr.,8.5,Points
Nikola Jokic,12.5,Points
Brandon Ingram,13.5,Points
CJ McCollum,10.5,Points
Eric Gordon,6.5,Points
Herbert Jones,4.5,Points
Ivica Zubac,5.5,Points
Jonas Valanciunas,8.5,Points
Kawhi Leonard,13.5,Points
Russell Westbrook,8.5,Points
Bam Adebayo,16.5,Pts+Rebs+Asts
Cameron Johnson,10.5,Pts+Rebs+Asts
Jimmy Butler,18.5,Pts+Rebs+Asts
Mikal Bridges,14.5,Pts+Rebs+Asts
Nicolas Claxton,11.5,Pts+Rebs+Asts
Spencer Dinwiddie,15.5,Pts+Rebs+Asts
Tyler Herro,14.5,Pts+Rebs+Asts
Aaron Gordon,11.5,Pts+Rebs+Asts
Jamal Murray,15.5,Pts+Rebs+Asts
Michael Porter Jr.,12.5,Pts+Rebs+Asts
Nikola Jokic,23.5,Pts+Rebs+Asts
Brandon Ingram,18.5,Pts+Rebs+Asts
CJ McCollum,15.5,Pts+Rebs+Asts
Ivica Zubac,10.5,Pts+Rebs+Asts
Jonas Valanciunas,14.5,Pts+Rebs+Asts
Kawhi Leonard,19.5,Pts+Rebs+Asts
Russell Westbrook,15.5,Pts+Rebs+Asts
Angus Gunn,2.0,Goalie Saves
Constantinos Panagi,4.0,Goalie Saves
Ugurcan Cakir,2.0,Goalie Saves
Stanislav Buchnev,4.0,Goalie Saves
Omri Glazer,2.5,Goalie Saves
Arijanet Muric,3.0,Goalie Saves
Kepa Arrizabalaga,2.0,Goalie Saves
Ørjan Nyland,4.0,Goalie Saves
Dominik Livakovic,2.5,Goalie Saves
Danny Ward,3.0,Goalie Saves
Maksim Plotnikov,4.5,Goalie Saves
Yann Sommer,1.0,Goalie Saves
Florin Niță,1.0,Goalie Saves
Iker Álvarez,4.5,Goalie Saves
Jonathan Klinsmann,3.0,Goalie Saves
Aljaž Ivačič,3.0,Goalie Saves
Brad Guzan,2.5,Goalie Saves
Patrick Schulte,3.0,Goalie Saves
Drake Callender,2.5,Goalie Saves
Chris Mueller,3.0,Goalie Saves
Tyler Miller,2.5,Goalie Saves
Dorde Petrovic,3.5,Goalie Saves
Mikael Uhre,0.5,Goal+ Assist
Sebastian Driussi,0.5,Goal+ Assist
Hany Mukhtar,0.5,Goal+ Assist
Jeremy Ebobisse,0.5,Goal+ Assist
Carlos Vela,0.5,Goal+ Assist
Aaron Hickey,0.5,Shots
Marinos Tzionis,0.5,Shots
Andrew Robertson,0.5,Shots
Grigoris Kastanos,1.0,Shots
Stuart Armstrong,2.0,Shots
Loizos Loizou,1.0,Shots
Ryan Christie,2.0,Shots
Dimitris Christofi,1.0,Shots
Che Adams,2.5,Shots
John McGinn,2.5,Shots
Scott McTominay,1.0,Shots
Callum McGregor,1.0,Shots
Hakan Calhanoglu,3.5,Shots
Tigran Barseghyan,2.0,Shots
Cengiz Under,3.0,Shots
Sargis Adamyan,1.0,Shots
Kerem Akturkoglu,1.5,Shots
Khoren Bayramyn,0.5,Shots
Caglar Soyuncu,0.5,Shots
Lucas Zelarayan,1.5,Shots
Zeki Celik,0.5,Shots
Enes Unal,3.5,Shots
Orkun Kokcu,1.0,Shots
Salih Özcan,1.0,Shots
Merih Demiral,0.5,Shots
Vedat Muriqi,2.5,Shots
Dani Olmo,2.0,Shots
Mats Moller Dæhli,1.0,Shots
Gavi,1.0,Shots
Martin Odegaard,1.5,Shots
Rodri,1.0,Shots
Morten Thorsby,0.5,Shots
Nico Williams,2.0,Shots
Alvaro Morata,2.0,Shots
Leo Ostigard,0.5,Shots
Mikel Oyarzabal,2.0,Shots
Alexander Sorloth,1.0,Shots
Iago Aspas,2.5,Shots
Mohamed Elyounoussi,1.0,Shots
Inigo Martinez,0.5,Shots
Sander Berge,0.5,Shots
Ivan Perisic,1.5,Shots
Kieffer Moore,1.5,Shots
Luka Modric,1.0,Shots
Daniel James,1.0,Shots
Andrej Kramaric,2.0,Shots
Harry Wilson,1.0,Shots
Marcelo Brozovic,1.0,Shots
Neco Williams,0.5,Shots
Mateo Kovacic,1.0,Shots
Aaron Ramsey,1.0,Shots
Breel Embolo,3.0,Shots
Granit Xhaka,2.0,Shots
Remo Freuler,1.5,Shots
Djibril Sow,1.5,Shots
Manuel Akanji,0.5,Shots
Nico Elvedi,0.5,Shots
Memo Rodriguez,1.5,Shots
Nathan Fogaca,2.0,Shots
Riqui Puig,2.5,Shots
Santiago Moreno,1.5,Shots
Efrain Alvarez,2.0,Shots
Tyler Boyd,1.5,Shots
Raheem Edwards,0.5,Shots
Gaston Brugman,1.0,Shots
Brooks Lennon,0.5,Shots
Aidan Morris,0.5,Shots
Amar Sejdic,1.0,Shots
Alexandru Mățan,1.5,Shots
Franco Ibarra,1.0,Shots
Santiago Sosa,1.0,Shots
Luiz Araujo,3.5,Shots
Miguel Berry,1.5,Shots
Franco Negri,0.5,Shots
Gastón Giménez,1.5,Shots
Rodolfo Pizzaro,1.5,Shots
Kacper Przybylko,2.0,Shots
Ariel Lassiter,2.0,Shots
Chris Mueller,1.5,Shots
Jean Mota,1.5,Shots
Rafael Czichos,0.5,Shots
Corentin Jean,2.0,Shots
Kei Kamara,2.5,Shots
Christian Benteke,3.0,Shots
Brandon Bye,1.0,Shots
Steve Birnbaum,0.5,Shots
Gustavo Bou,2.5,Shots
Mateusz Klich,1.5,Shots
Bobby Wood,1.5,Shots
Giacomo Vrioni,1.5,Shots
Hakan Calhanoglu,1.5,Shots On Target
Enes Unal,1.5,Shots On Target
Memo Rodriguez,0.5,Shots On Target
Tyler Boyd,0.5,Shots On Target
Jarosław Niezgoda,0.5,Shots On Target
Santiago Moreno,0.5,Shots On Target
Valentin Roberge,5.0,Clearances
Grant Hanley,3.0,Clearances
Caglar Soyuncu,2.0,Clearances
Merih Demiral,2.5,Clearances
Stefan Strandberg,6.0,Clearances
Leo Ostigard,5.5,Clearances
Inigo Martinez,1.5,Clearances
Aymeric Laporte,1.5,Clearances
Joško Gvardiol,3.5,Clearances
Borna Sosa,2.5,Clearances
Joe Rodon,4.5,Clearances
Chris Mepham,4.5,Clearances
Manuel Akanji,2.5,Clearances
Nico Elvedi,3.5,Clearances
Memo Rodriguez,0.5,Clearances
Mark Delgado,0.5,Clearances
Jalen Neal,3.5,Clearances
Larrys Mabiala,4.0,Clearances
Santiago Moreno,0.5,Clearances
Brandon Bye,2.5,Clearances
Henry Kessler,3.5,Clearances
Dave Romney,4.0,Clearances
Andrew Robertson,2.5,Tackles
Scott McTominay,2.0,Tackles
Grigoris Kastanos,2.5,Tackles
Valentin Roberge,3.0,Tackles
Hakan Calhanoglu,1.5,Tackles
Salih Özcan,2.0,Tackles
Merih Demiral,1.5,Tackles
Stefan Strandberg,0.5,Tackles
Patrick Berg,1.0,Tackles
Sander Berge,1.0,Tackles
Birger Meling,2.0,Tackles
Martin Odegaard,2.0,Tackles
Leo Ostigard,0.5,Tackles
Inigo Martinez,0.5,Tackles
Aymeric Laporte,0.5,Tackles
Rodri,1.5,Tackles
Daniel Carvajal,2.0,Tackles
Luka Modric,2.0,Tackles
Borna Sosa,2.5,Tackles
Josip Juranović,2.0,Tackles
Marcelo Brozovic,2.0,Tackles
Mateo Kovacic,2.5,Tackles
Neco Williams,2.0,Tackles
Chris Mepham,2.5,Tackles
Joe Morrell,1.5,Tackles
Joško Gvardiol,1.5,Tackles
Remo Freuler,1.5,Tackles
Silvan Widmer,2.0,Tackles
Ricardo Rodríguez,1.5,Tackles
Gaston Brugman,2.5,Tackles
Diego Chará,2.5,Tackles
Brooks Lennon,1.5,Tackles
Amar Sejdic,2.5,Tackles
Franco Ibarra,3.0,Tackles
Steven Moreira,1.5,Tackles
Franco Negri,3.0,Tackles
Rodolfo Pizzaro,2.0,Tackles
Jean Mota,3.0,Tackles
Christopher McVey,1.5,Tackles
Rafael Czichos,1.5,Tackles
Christopher Durkin,2.0,Tackles
Steve Birnbaum,0.5,Tackles
Russell Canouse,2.0,Tackles
Latif Blessing,2.5,Tackles
Matt Polster,1.5,Tackles
Noel Buck,2.0,Tackles
Andrew Robertson,72.5,Passes Attempted
Callum McGregor,80.5,Passes Attempted
Kostakis Artymatas,40.5,Passes Attempted
Valentin Roberge,35.5,Passes Attempted
Hakan Calhanoglu,78.5,Passes Attempted
Merih Demiral,86.5,Passes Attempted
Khoren Bayramyn,25.5,Passes Attempted
Amir Rrahmani,62.5,Passes Attempted
Martin Odegaard,39.5,Passes Attempted
Aymeric Laporte,120.5,Passes Attempted
Rodri,105.5,Passes Attempted
Luka Modric,78.5,Passes Attempted
Joško Gvardiol,87.5,Passes Attempted
Joe Rodon,52.5,Passes Attempted
Aaron Ramsey,33.5,Passes Attempted
Granit Xhaka,74.5,Passes Attempted
Nico Elvedi,86.5,Passes Attempted
Andrew Robertson,3.5,Shots Assisted
John McGinn,2.5,Shots Assisted
Ryan Christie,2.0,Shots Assisted
Grigoris Kastanos,1.0,Shots Assisted
Hakan Calhanoglu,3.0,Shots Assisted
Cengiz Under,2.0,Shots Assisted
Salih Özcan,2.0,Shots Assisted
Dani Olmo,1.5,Shots Assisted
Nico Williams,1.5,Shots Assisted
Alvaro Morata,1.5,Shots Assisted
Martin Odegaard,1.5,Shots Assisted
Ivan Perisic,1.5,Shots Assisted
Luka Modric,1.5,Shots Assisted
Mateo Kovacic,1.5,Shots Assisted
Kieffer Moore,1.0,Shots Assisted
Harry Wilson,1.0,Shots Assisted
Diego Chará,0.5,Shots Assisted
Rodolfo Pizzaro,1.5,Shots Assisted
nettik,37.5,MAPS 1-2 Kills
asap,36.0,MAPS 1-2 Kills
TjP,34.5,MAPS 1-2 Kills
ADDICT,41.0,MAPS 1-2 Kills
malta,37.5,MAPS 1-2 Kills
BRACE,34.5,MAPS 1-2 Kills
prosus,39.5,MAPS 1-2 Kills
s1n,38.5,MAPS 1-2 Kills
S3NSEY,34.0,MAPS 1-2 Kills
kraghen,35.5,MAPS 1-2 Kills
maNkz,35.0,MAPS 1-2 Kills
salazar,36.0,MAPS 1-2 Kills
sh1ro,44.5,MAPS 1-2 Kills
Ax1Le,42.0,MAPS 1-2 Kills
HObbit,35.5,MAPS 1-2 Kills
nafany,33.0,MAPS 1-2 Kills
buster,29.5,MAPS 1-2 Kills
Nertz,38.0,MAPS 1-2 Kills
dycha,35.5,MAPS 1-2 Kills
SunPayus,35.0,MAPS 1-2 Kills
Maden,33.5,MAPS 1-2 Kills
Snappi,30.0,MAPS 1-2 Kills
deko,42.0,MAPS 1-2 Kills
TRAVIS,39.0,MAPS 1-2 Kills
Boombl4,33.0,MAPS 1-2 Kills
reiko,38.5,MAPS 1-2 Kills
lunAtic,27.5,MAPS 1-2 Kills
TaZ,25.5,MAPS 1-2 Kills
broky,40.5,MAPS 1-2 Kills
ropz,38.5,MAPS 1-2 Kills
Twistzz,37.5,MAPS 1-2 Kills
rain,37.0,MAPS 1-2 Kills
karrigan,32.0,MAPS 1-2 Kills
s1mple,42.5,MAPS 1-2 Kills
electroNic,37.0,MAPS 1-2 Kills
b1t,35.5,MAPS 1-2 Kills
Perfecto,34.5,MAPS 1-2 Kills
npl,30.0,MAPS 1-2 Kills
hype,39.5,MAPS 1-2 Kills
FRANSSON,38.0,MAPS 1-2 Kills
Ro1f,31.5,MAPS 1-2 Kills
nilo,42.0,MAPS 1-2 Kills
eraa,37.0,MAPS 1-2 Kills
LNZ,34.5,MAPS 1-2 Kills
nettik,21.5,MAPS 1-2 Headshots
asap,19.5,MAPS 1-2 Headshots
TjP,20.0,MAPS 1-2 Headshots
ADDICT,22.5,MAPS 1-2 Headshots
malta,14.0,MAPS 1-2 Headshots
BRACE,18.0,MAPS 1-2 Headshots
prosus,23.0,MAPS 1-2 Headshots
s1n,20.5,MAPS 1-2 Headshots
S3NSEY,9.5,MAPS 1-2 Headshots
kraghen,16.5,MAPS 1-2 Headshots
maNkz,18.5,MAPS 1-2 Headshots
salazar,10.0,MAPS 1-2 Headshots
sh1ro,12.5,MAPS 1-2 Headshots
Ax1Le,22.0,MAPS 1-2 Headshots
HObbit,16.5,MAPS 1-2 Headshots
nafany,16.5,MAPS 1-2 Headshots
buster,13.5,MAPS 1-2 Headshots
Nertz,20.0,MAPS 1-2 Headshots
dycha,17.5,MAPS 1-2 Headshots
SunPayus,9.0,MAPS 1-2 Headshots
Maden,18.0,MAPS 1-2 Headshots
Snappi,13.5,MAPS 1-2 Headshots
deko,14.5,MAPS 1-2 Headshots
TRAVIS,21.0,MAPS 1-2 Headshots
Boombl4,13.0,MAPS 1-2 Headshots
reiko,18.0,MAPS 1-2 Headshots
lunAtic,13.0,MAPS 1-2 Headshots
TaZ,13.0,MAPS 1-2 Headshots
broky,12.0,MAPS 1-2 Headshots
ropz,20.5,MAPS 1-2 Headshots
Twistzz,20.5,MAPS 1-2 Headshots
rain,20.5,MAPS 1-2 Headshots
karrigan,15.5,MAPS 1-2 Headshots
s1mple,17.0,MAPS 1-2 Headshots
electroNic,17.5,MAPS 1-2 Headshots
b1t,23.0,MAPS 1-2 Headshots
Perfecto,16.0,MAPS 1-2 Headshots
npl,14.0,MAPS 1-2 Headshots
hype,15.0,MAPS 1-2 Headshots
FRANSSON,23.5,MAPS 1-2 Headshots
Ro1f,17.5,MAPS 1-2 Headshots
nilo,23.0,MAPS 1-2 Headshots
eraa,12.5,MAPS 1-2 Headshots
LNZ,16.5,MAPS 1-2 Headshots
nettik,18.5,MAP 3 Kills
asap,18.0,MAP 3 Kills
TjP,17.0,MAP 3 Kills
ADDICT,20.5,MAP 3 Kills
malta,18.5,MAP 3 Kills
BRACE,17.0,MAP 3 Kills
prosus,19.5,MAP 3 Kills
s1n,19.0,MAP 3 Kills
S3NSEY,17.0,MAP 3 Kills
kraghen,17.5,MAP 3 Kills
maNkz,17.5,MAP 3 Kills
salazar,18.0,MAP 3 Kills
sh1ro,22.0,MAP 3 Kills
Ax1Le,21.0,MAP 3 Kills
HObbit,17.5,MAP 3 Kills
nafany,16.5,MAP 3 Kills
buster,14.5,MAP 3 Kills
Nertz,19.0,MAP 3 Kills
dycha,17.5,MAP 3 Kills
SunPayus,17.5,MAP 3 Kills
Maden,16.5,MAP 3 Kills
Snappi,15.0,MAP 3 Kills
deko,21.0,MAP 3 Kills
TRAVIS,19.5,MAP 3 Kills
Boombl4,16.5,MAP 3 Kills
reiko,19.0,MAP 3 Kills
lunAtic,13.5,MAP 3 Kills
TaZ,12.5,MAP 3 Kills
broky,20.0,MAP 3 Kills
ropz,19.0,MAP 3 Kills
Twistzz,18.5,MAP 3 Kills
rain,18.5,MAP 3 Kills
karrigan,16.0,MAP 3 Kills
s1mple,21.0,MAP 3 Kills
electroNic,18.5,MAP 3 Kills
b1t,17.5,MAP 3 Kills
Perfecto,17.0,MAP 3 Kills
npl,15.0,MAP 3 Kills
hype,19.5,MAP 3 Kills
FRANSSON,19.0,MAP 3 Kills
Ro1f,15.5,MAP 3 Kills
nilo,21.0,MAP 3 Kills
eraa,18.5,MAP 3 Kills
LNZ,17.0,MAP 3 Kills
nettik,10.5,MAP 3 Headshots
asap,9.5,MAP 3 Headshots
TjP,10.0,MAP 3 Headshots
ADDICT,11.0,MAP 3 Headshots
malta,7.0,MAP 3 Headshots
BRACE,9.0,MAP 3 Headshots
prosus,11.5,MAP 3 Headshots
s1n,10.0,MAP 3 Headshots
S3NSEY,4.5,MAP 3 Headshots
kraghen,8.0,MAP 3 Headshots
maNkz,9.0,MAP 3 Headshots
salazar,5.0,MAP 3 Headshots
sh1ro,6.0,MAP 3 Headshots
Ax1Le,11.0,MAP 3 Headshots
HObbit,8.0,MAP 3 Headshots
nafany,8.0,MAP 3 Headshots
buster,6.5,MAP 3 Headshots
Nertz,10.0,MAP 3 Headshots
dycha,8.5,MAP 3 Headshots
SunPayus,4.5,MAP 3 Headshots
Maden,9.0,MAP 3 Headshots
Snappi,6.5,MAP 3 Headshots
deko,7.5,MAP 3 Headshots
TRAVIS,10.5,MAP 3 Headshots
Boombl4,6.5,MAP 3 Headshots
reiko,9.0,MAP 3 Headshots
lunAtic,6.5,MAP 3 Headshots
TaZ,6.5,MAP 3 Headshots
broky,6.0,MAP 3 Headshots
ropz,10.0,MAP 3 Headshots
Twistzz,10.0,MAP 3 Headshots
rain,10.0,MAP 3 Headshots
karrigan,7.5,MAP 3 Headshots
s1mple,8.5,MAP 3 Headshots
electroNic,8.5,MAP 3 Headshots
b1t,11.5,MAP 3 Headshots
Perfecto,8.0,MAP 3 Headshots
npl,7.0,MAP 3 Headshots
hype,7.5,MAP 3 Headshots
FRANSSON,11.5,MAP 3 Headshots
Ro1f,8.5,MAP 3 Headshots
nilo,11.5,MAP 3 Headshots
eraa,6.0,MAP 3 Headshots
LNZ,8.0,MAP 3 Headshots
Alijah Martin,13.5,Points
Markquis Nowell,17.5,Points
Bryan Greenlee,7.5,Points
Keyontae Johnson,17.0,Points
Johnell Davis,14.5,Points
Cam Carter,6.5,Points
Nae'Qwan Tomlin,10.5,Points
Desi Sills,8.5,Points
Nick Boyd,9.0,Points
Vladislav Goldin,7.5,Points
Adama Sanogo,17.0,Points
Alex Karaban,8.0,Points
Andre Jackson,7.5,Points
Anton Watson,11.5,Points
Drew Timme,21.5,Points
Jordan Hawkins,16.0,Points
Julian Strawther,14.5,Points
Tristen Newton,10.5,Points
Malachi Smith,8.0,Points
Nolan Hickman,6.0,Points
Rasir Bolton,7.5,Points
Alijah Martin,5.0,Rebounds
Markquis Nowell,4.0,Rebounds
Keyontae Johnson,7.0,Rebounds
Johnell Davis,6.0,Rebounds
Cam Carter,3.0,Rebounds
Nae'Qwan Tomlin,6.0,Rebounds
Desi Sills,4.0,Rebounds
Nick Boyd,4.5,Rebounds
Vladislav Goldin,6.5,Rebounds
Adama Sanogo,7.5,Rebounds
Alex Karaban,4.5,Rebounds
Andre Jackson,6.5,Rebounds
Anton Watson,7.5,Rebounds
Drew Timme,7.5,Rebounds
Jordan Hawkins,3.5,Rebounds
Julian Strawther,5.5,Rebounds
Tristen Newton,4.5,Rebounds
Markquis Nowell,8.5,Assists
Johnell Davis,1.5,Assists
Nick Boyd,2.5,Assists
Andre Jackson,4.5,Assists
Anton Watson,2.5,Assists
Drew Timme,3.0,Assists
Tristen Newton,5.0,Assists
Alijah Martin,19.5,Pts+Rebs+Asts
Markquis Nowell,30.5,Pts+Rebs+Asts
Bryan Greenlee,12.5,Pts+Rebs+Asts
Keyontae Johnson,25.5,Pts+Rebs+Asts
Johnell Davis,22.5,Pts+Rebs+Asts
Cam Carter,11.5,Pts+Rebs+Asts
Nae'Qwan Tomlin,17.5,Pts+Rebs+Asts
Desi Sills,15.5,Pts+Rebs+Asts
Nick Boyd,16.5,Pts+Rebs+Asts
Vladislav Goldin,14.5,Pts+Rebs+Asts
Adama Sanogo,25.5,Pts+Rebs+Asts
Alex Karaban,13.5,Pts+Rebs+Asts
Andre Jackson,18.5,Pts+Rebs+Asts
Anton Watson,21.5,Pts+Rebs+Asts
Drew Timme,32.5,Pts+Rebs+Asts
Jordan Hawkins,20.5,Pts+Rebs+Asts
Julian Strawther,21.5,Pts+Rebs+Asts
Tristen Newton,20.5,Pts+Rebs+Asts
Malachi Smith,13.5,Pts+Rebs+Asts
Nolan Hickman,10.5,Pts+Rebs+Asts
Rasir Bolton,12.5,Pts+Rebs+Asts
Alijah Martin,23.8,Fantasy Score
Markquis Nowell,37.3,Fantasy Score
Keyontae Johnson,29.5,Fantasy Score
Johnell Davis,26.9,Fantasy Score
Adama Sanogo,30.8,Fantasy Score
Drew Timme,37.4,Fantasy Score
Julian Strawther,25.7,Fantasy Score
Keyontae Johnson,1.5,3-PT Made
Anton Watson,0.5,3-PT Made
Jordan Hawkins,2.5,3-PT Made
Adama Sanogo,24.5,Pts+Rebs
Andre Jackson,14.0,Pts+Rebs
Anton Watson,19.0,Pts+Rebs
Drew Timme,29.5,Pts+Rebs
Tristen Newton,15.0,Pts+Rebs
Andre Jackson,12.0,Pts+Asts
Tristen Newton,15.0,Pts+Asts
Andre Jackson,11.0,Rebs+Asts
Tristen Newton,9.5,Rebs+Asts
Max Homa,5.0,Holes Won
Sam Burns,4.5,Holes Won
Matt Kuchar,4.5,Holes Won
Scottie Scheffler,5.0,Holes Won
Xander Schauffele,5.0,Holes Won
Rory McIlroy,5.0,Holes Won
Kurt Kitayama,4.5,Holes Won
Cameron Young,4.5,Holes Won
Wyndham Clark,4.5,Birdies Or Better
Joel Dahmen,4.0,Birdies Or Better
Thomas Detry,4.0,Birdies Or Better
Ben Martin,4.0,Birdies Or Better
Kramer Hickok,4.0,Birdies Or Better
Tyler Duncan,4.0,Birdies Or Better
Taylor Pendrith,4.0,Birdies Or Better
Matt Wallace,4.0,Birdies Or Better
Erik Van Rooyen,4.0,Birdies Or Better
Emiliano Grillo,3.5,Birdies Or Better
Akshay Bhatia,4.0,Birdies Or Better
Brice Garnett,4.0,Birdies Or Better
Wyndham Clark,70.0,Strokes
Joel Dahmen,70.5,Strokes
Thomas Detry,70.5,Strokes
Ben Martin,70.5,Strokes
Kramer Hickok,70.5,Strokes
Tyler Duncan,70.5,Strokes
Taylor Pendrith,70.5,Strokes
Matt Wallace,70.5,Strokes
Erik Van Rooyen,70.5,Strokes
Emiliano Grillo,71.0,Strokes
Akshay Bhatia,70.5,Strokes
Brice Garnett,70.5,Strokes
Wyndham Clark,0.0,Birdies Or Better Matchup
Joel Dahmen,0.0,Birdies Or Better Matchup
Thomas Detry,0.0,Birdies Or Better Matchup
Ben Martin,0.0,Birdies Or Better Matchup
Kramer Hickok,0.0,Birdies Or Better Matchup
Tyler Duncan,0.0,Birdies Or Better Matchup
Taylor Pendrith,0.0,Birdies Or Better Matchup
Matt Wallace,0.0,Birdies Or Better Matchup
Erik Van Rooyen,0.0,Birdies Or Better Matchup
Emiliano Grillo,0.0,Birdies Or Better Matchup
Akshay Bhatia,0.0,Birdies Or Better Matchup
Brice Garnett,0.0,Birdies Or Better Matchup
Bam Adebayo,10.5,Points
Cameron Johnson,7.5,Points
Jimmy Butler,12.5,Points
Mikal Bridges,11.5,Points
Nicolas Claxton,5.5,Points
Spencer Dinwiddie,9.5,Points
Tyler Herro,9.5,Points
Aaron Gordon,7.5,Points
Jamal Murray,10.5,Points
Michael Porter Jr.,8.5,Points
Nikola Jokic,12.5,Points
Brandon Ingram,13.5,Points
CJ McCollum,10.5,Points
Eric Gordon,6.5,Points
Herbert Jones,4.5,Points
Ivica Zubac,5.5,Points
Jonas Valanciunas,8.5,Points
Kawhi Leonard,13.5,Points
Russell Westbrook,8.5,Points
Bam Adebayo,16.5,Pts+Rebs+Asts
Cameron Johnson,10.5,Pts+Rebs+Asts
Jimmy Butler,18.5,Pts+Rebs+Asts
Mikal Bridges,14.5,Pts+Rebs+Asts
Nicolas Claxton,11.5,Pts+Rebs+Asts
Spencer Dinwiddie,15.5,Pts+Rebs+Asts
Tyler Herro,14.5,Pts+Rebs+Asts
Aaron Gordon,11.5,Pts+Rebs+Asts
Jamal Murray,15.5,Pts+Rebs+Asts
Michael Porter Jr.,12.5,Pts+Rebs+Asts
Nikola Jokic,23.5,Pts+Rebs+Asts
Brandon Ingram,18.5,Pts+Rebs+Asts
CJ McCollum,15.5,Pts+Rebs+Asts
Ivica Zubac,10.5,Pts+Rebs+Asts
Jonas Valanciunas,14.5,Pts+Rebs+Asts
Kawhi Leonard,19.5,Pts+Rebs+Asts
Russell Westbrook,15.5,Pts+Rebs+Asts
Angus Gunn,2.0,Goalie Saves
Constantinos Panagi,4.0,Goalie Saves
Ugurcan Cakir,2.0,Goalie Saves
Stanislav Buchnev,4.0,Goalie Saves
Omri Glazer,2.5,Goalie Saves
Arijanet Muric,3.0,Goalie Saves
Kepa Arrizabalaga,2.0,Goalie Saves
Ørjan Nyland,4.0,Goalie Saves
Dominik Livakovic,2.5,Goalie Saves
Danny Ward,3.0,Goalie Saves
Maksim Plotnikov,4.5,Goalie Saves
Yann Sommer,1.0,Goalie Saves
Florin Niță,1.0,Goalie Saves
Iker Álvarez,4.5,Goalie Saves
Jonathan Klinsmann,3.0,Goalie Saves
Aljaž Ivačič,3.0,Goalie Saves
Brad Guzan,2.5,Goalie Saves
Patrick Schulte,3.0,Goalie Saves
Drake Callender,2.5,Goalie Saves
Chris Mueller,3.0,Goalie Saves
Tyler Miller,2.5,Goalie Saves
Dorde Petrovic,3.5,Goalie Saves
Mikael Uhre,0.5,Goal+ Assist
Sebastian Driussi,0.5,Goal+ Assist
Hany Mukhtar,0.5,Goal+ Assist
Jeremy Ebobisse,0.5,Goal+ Assist
Carlos Vela,0.5,Goal+ Assist
Aaron Hickey,0.5,Shots
Marinos Tzionis,0.5,Shots
Andrew Robertson,0.5,Shots
Grigoris Kastanos,1.0,Shots
Stuart Armstrong,2.0,Shots
Loizos Loizou,1.0,Shots
Ryan Christie,2.0,Shots
Dimitris Christofi,1.0,Shots
Che Adams,2.5,Shots
John McGinn,2.5,Shots
Scott McTominay,1.0,Shots
Callum McGregor,1.0,Shots
Hakan Calhanoglu,3.5,Shots
Tigran Barseghyan,2.0,Shots
Cengiz Under,3.0,Shots
Sargis Adamyan,1.0,Shots
Kerem Akturkoglu,1.5,Shots
Khoren Bayramyn,0.5,Shots
Caglar Soyuncu,0.5,Shots
Lucas Zelarayan,1.5,Shots
Zeki Celik,0.5,Shots
Enes Unal,3.5,Shots
Orkun Kokcu,1.0,Shots
Salih Özcan,1.0,Shots
Merih Demiral,0.5,Shots
Vedat Muriqi,2.5,Shots
Dani Olmo,2.0,Shots
Mats Moller Dæhli,1.0,Shots
Gavi,1.0,Shots
Martin Odegaard,1.5,Shots
Rodri,1.0,Shots
Morten Thorsby,0.5,Shots
Nico Williams,2.0,Shots
Alvaro Morata,2.0,Shots
Leo Ostigard,0.5,Shots
Mikel Oyarzabal,2.0,Shots
Alexander Sorloth,1.0,Shots
Iago Aspas,2.5,Shots
Mohamed Elyounoussi,1.0,Shots
Inigo Martinez,0.5,Shots
Sander Berge,0.5,Shots
Ivan Perisic,1.5,Shots
Kieffer Moore,1.5,Shots
Luka Modric,1.0,Shots
Daniel James,1.0,Shots
Andrej Kramaric,2.0,Shots
Harry Wilson,1.0,Shots
Marcelo Brozovic,1.0,Shots
Neco Williams,0.5,Shots
Mateo Kovacic,1.0,Shots
Aaron Ramsey,1.0,Shots
Breel Embolo,3.0,Shots
Granit Xhaka,2.0,Shots
Remo Freuler,1.5,Shots
Djibril Sow,1.5,Shots
Manuel Akanji,0.5,Shots
Nico Elvedi,0.5,Shots
Memo Rodriguez,1.5,Shots
Nathan Fogaca,2.0,Shots
Riqui Puig,2.5,Shots
Santiago Moreno,1.5,Shots
Efrain Alvarez,2.0,Shots
Tyler Boyd,1.5,Shots
Raheem Edwards,0.5,Shots
Gaston Brugman,1.0,Shots
Brooks Lennon,0.5,Shots
Aidan Morris,0.5,Shots
Amar Sejdic,1.0,Shots
Alexandru Mățan,1.5,Shots
Franco Ibarra,1.0,Shots
Santiago Sosa,1.0,Shots
Luiz Araujo,3.5,Shots
Miguel Berry,1.5,Shots
Franco Negri,0.5,Shots
Gastón Giménez,1.5,Shots
Rodolfo Pizzaro,1.5,Shots
Kacper Przybylko,2.0,Shots
Ariel Lassiter,2.0,Shots
Chris Mueller,1.5,Shots
Jean Mota,1.5,Shots
Rafael Czichos,0.5,Shots
Corentin Jean,2.0,Shots
Kei Kamara,2.5,Shots
Christian Benteke,3.0,Shots
Brandon Bye,1.0,Shots
Steve Birnbaum,0.5,Shots
Gustavo Bou,2.5,Shots
Mateusz Klich,1.5,Shots
Bobby Wood,1.5,Shots
Giacomo Vrioni,1.5,Shots
Hakan Calhanoglu,1.5,Shots On Target
Enes Unal,1.5,Shots On Target
Memo Rodriguez,0.5,Shots On Target
Tyler Boyd,0.5,Shots On Target
Jarosław Niezgoda,0.5,Shots On Target
Santiago Moreno,0.5,Shots On Target
Valentin Roberge,5.0,Clearances
Grant Hanley,3.0,Clearances
Caglar Soyuncu,2.0,Clearances
Merih Demiral,2.5,Clearances
Stefan Strandberg,6.0,Clearances
Leo Ostigard,5.5,Clearances
Inigo Martinez,1.5,Clearances
Aymeric Laporte,1.5,Clearances
Joško Gvardiol,3.5,Clearances
Borna Sosa,2.5,Clearances
Joe Rodon,4.5,Clearances
Chris Mepham,4.5,Clearances
Manuel Akanji,2.5,Clearances
Nico Elvedi,3.5,Clearances
Memo Rodriguez,0.5,Clearances
Mark Delgado,0.5,Clearances
Jalen Neal,3.5,Clearances
Larrys Mabiala,4.0,Clearances
Santiago Moreno,0.5,Clearances
Brandon Bye,2.5,Clearances
Henry Kessler,3.5,Clearances
Dave Romney,4.0,Clearances
Andrew Robertson,2.5,Tackles
Scott McTominay,2.0,Tackles
Grigoris Kastanos,2.5,Tackles
Valentin Roberge,3.0,Tackles
Hakan Calhanoglu,1.5,Tackles
Salih Özcan,2.0,Tackles
Merih Demiral,1.5,Tackles
Stefan Strandberg,0.5,Tackles
Patrick Berg,1.0,Tackles
Sander Berge,1.0,Tackles
Birger Meling,2.0,Tackles
Martin Odegaard,2.0,Tackles
Leo Ostigard,0.5,Tackles
Inigo Martinez,0.5,Tackles
Aymeric Laporte,0.5,Tackles
Rodri,1.5,Tackles
Daniel Carvajal,2.0,Tackles
Luka Modric,2.0,Tackles
Borna Sosa,2.5,Tackles
Josip Juranović,2.0,Tackles
Marcelo Brozovic,2.0,Tackles
Mateo Kovacic,2.5,Tackles
Neco Williams,2.0,Tackles
Chris Mepham,2.5,Tackles
Joe Morrell,1.5,Tackles
Joško Gvardiol,1.5,Tackles
Remo Freuler,1.5,Tackles
Silvan Widmer,2.0,Tackles
Ricardo Rodríguez,1.5,Tackles
Gaston Brugman,2.5,Tackles
Diego Chará,2.5,Tackles
Brooks Lennon,1.5,Tackles
Amar Sejdic,2.5,Tackles
Franco Ibarra,3.0,Tackles
Steven Moreira,1.5,Tackles
Franco Negri,3.0,Tackles
Rodolfo Pizzaro,2.0,Tackles
Jean Mota,3.0,Tackles
Christopher McVey,1.5,Tackles
Rafael Czichos,1.5,Tackles
Christopher Durkin,2.0,Tackles
Steve Birnbaum,0.5,Tackles
Russell Canouse,2.0,Tackles
Latif Blessing,2.5,Tackles
Matt Polster,1.5,Tackles
Noel Buck,2.0,Tackles
Andrew Robertson,72.5,Passes Attempted
Callum McGregor,80.5,Passes Attempted
Kostakis Artymatas,40.5,Passes Attempted
Valentin Roberge,35.5,Passes Attempted
Hakan Calhanoglu,78.5,Passes Attempted
Merih Demiral,86.5,Passes Attempted
Khoren Bayramyn,25.5,Passes Attempted
Amir Rrahmani,62.5,Passes Attempted
Martin Odegaard,39.5,Passes Attempted
Aymeric Laporte,120.5,Passes Attempted
Rodri,105.5,Passes Attempted
Luka Modric,78.5,Passes Attempted
Joško Gvardiol,87.5,Passes Attempted
Joe Rodon,52.5,Passes Attempted
Aaron Ramsey,33.5,Passes Attempted
Granit Xhaka,74.5,Passes Attempted
Nico Elvedi,86.5,Passes Attempted
Andrew Robertson,3.5,Shots Assisted
John McGinn,2.5,Shots Assisted
Ryan Christie,2.0,Shots Assisted
Grigoris Kastanos,1.0,Shots Assisted
Hakan Calhanoglu,3.0,Shots Assisted
Cengiz Under,2.0,Shots Assisted
Salih Özcan,2.0,Shots Assisted
Dani Olmo,1.5,Shots Assisted
Nico Williams,1.5,Shots Assisted
Alvaro Morata,1.5,Shots Assisted
Martin Odegaard,1.5,Shots Assisted
Ivan Perisic,1.5,Shots Assisted
Luka Modric,1.5,Shots Assisted
Mateo Kovacic,1.5,Shots Assisted
Kieffer Moore,1.0,Shots Assisted
Harry Wilson,1.0,Shots Assisted
Diego Chará,0.5,Shots Assisted
Rodolfo Pizzaro,1.5,Shots Assisted
nettik,37.5,MAPS 1-2 Kills
asap,36.0,MAPS 1-2 Kills
TjP,34.5,MAPS 1-2 Kills
ADDICT,41.0,MAPS 1-2 Kills
malta,37.5,MAPS 1-2 Kills
BRACE,34.5,MAPS 1-2 Kills
prosus,39.5,MAPS 1-2 Kills
s1n,38.5,MAPS 1-2 Kills
S3NSEY,34.0,MAPS 1-2 Kills
kraghen,35.5,MAPS 1-2 Kills
maNkz,35.0,MAPS 1-2 Kills
salazar,36.0,MAPS 1-2 Kills
sh1ro,44.5,MAPS 1-2 Kills
Ax1Le,42.0,MAPS 1-2 Kills
HObbit,35.5,MAPS 1-2 Kills
nafany,33.0,MAPS 1-2 Kills
buster,29.5,MAPS 1-2 Kills
Nertz,38.0,MAPS 1-2 Kills
dycha,35.5,MAPS 1-2 Kills
SunPayus,35.0,MAPS 1-2 Kills
Maden,33.5,MAPS 1-2 Kills
Snappi,30.0,MAPS 1-2 Kills
deko,42.0,MAPS 1-2 Kills
TRAVIS,39.0,MAPS 1-2 Kills
Boombl4,33.0,MAPS 1-2 Kills
reiko,38.5,MAPS 1-2 Kills
lunAtic,27.5,MAPS 1-2 Kills
TaZ,25.5,MAPS 1-2 Kills
broky,40.5,MAPS 1-2 Kills
ropz,38.5,MAPS 1-2 Kills
Twistzz,37.5,MAPS 1-2 Kills
rain,37.0,MAPS 1-2 Kills
karrigan,32.0,MAPS 1-2 Kills
s1mple,42.5,MAPS 1-2 Kills
electroNic,37.0,MAPS 1-2 Kills
b1t,35.5,MAPS 1-2 Kills
Perfecto,34.5,MAPS 1-2 Kills
npl,30.0,MAPS 1-2 Kills
hype,39.5,MAPS 1-2 Kills
FRANSSON,38.0,MAPS 1-2 Kills
Ro1f,31.5,MAPS 1-2 Kills
nilo,42.0,MAPS 1-2 Kills
eraa,37.0,MAPS 1-2 Kills
LNZ,34.5,MAPS 1-2 Kills
nettik,21.5,MAPS 1-2 Headshots
asap,19.5,MAPS 1-2 Headshots
TjP,20.0,MAPS 1-2 Headshots
ADDICT,22.5,MAPS 1-2 Headshots
malta,14.0,MAPS 1-2 Headshots
BRACE,18.0,MAPS 1-2 Headshots
prosus,23.0,MAPS 1-2 Headshots
s1n,20.5,MAPS 1-2 Headshots
S3NSEY,9.5,MAPS 1-2 Headshots
kraghen,16.5,MAPS 1-2 Headshots
maNkz,18.5,MAPS 1-2 Headshots
salazar,10.0,MAPS 1-2 Headshots
sh1ro,12.5,MAPS 1-2 Headshots
Ax1Le,22.0,MAPS 1-2 Headshots
HObbit,16.5,MAPS 1-2 Headshots
nafany,16.5,MAPS 1-2 Headshots
buster,13.5,MAPS 1-2 Headshots
Nertz,20.0,MAPS 1-2 Headshots
dycha,17.5,MAPS 1-2 Headshots
SunPayus,9.0,MAPS 1-2 Headshots
Maden,18.0,MAPS 1-2 Headshots
Snappi,13.5,MAPS 1-2 Headshots
deko,14.5,MAPS 1-2 Headshots
TRAVIS,21.0,MAPS 1-2 Headshots
Boombl4,13.0,MAPS 1-2 Headshots
reiko,18.0,MAPS 1-2 Headshots
lunAtic,13.0,MAPS 1-2 Headshots
TaZ,13.0,MAPS 1-2 Headshots
broky,12.0,MAPS 1-2 Headshots
ropz,20.5,MAPS 1-2 Headshots
Twistzz,20.5,MAPS 1-2 Headshots
rain,20.5,MAPS 1-2 Headshots
karrigan,15.5,MAPS 1-2 Headshots
s1mple,17.0,MAPS 1-2 Headshots
electroNic,17.5,MAPS 1-2 Headshots
b1t,23.0,MAPS 1-2 Headshots
Perfecto,16.0,MAPS 1-2 Headshots
npl,14.0,MAPS 1-2 Headshots
hype,15.0,MAPS 1-2 Headshots
FRANSSON,23.5,MAPS 1-2 Headshots
Ro1f,17.5,MAPS 1-2 Headshots
nilo,23.0,MAPS 1-2 Headshots
eraa,12.5,MAPS 1-2 Headshots
LNZ,16.5,MAPS 1-2 Headshots
nettik,18.5,MAP 3 Kills
asap,18.0,MAP 3 Kills
TjP,17.0,MAP 3 Kills
ADDICT,20.5,MAP 3 Kills
malta,18.5,MAP 3 Kills
BRACE,17.0,MAP 3 Kills
prosus,19.5,MAP 3 Kills
s1n,19.0,MAP 3 Kills
S3NSEY,17.0,MAP 3 Kills
kraghen,17.5,MAP 3 Kills
maNkz,17.5,MAP 3 Kills
salazar,18.0,MAP 3 Kills
sh1ro,22.0,MAP 3 Kills
Ax1Le,21.0,MAP 3 Kills
HObbit,17.5,MAP 3 Kills
nafany,16.5,MAP 3 Kills
buster,14.5,MAP 3 Kills
Nertz,19.0,MAP 3 Kills
dycha,17.5,MAP 3 Kills
SunPayus,17.5,MAP 3 Kills
Maden,16.5,MAP 3 Kills
Snappi,15.0,MAP 3 Kills
deko,21.0,MAP 3 Kills
TRAVIS,19.5,MAP 3 Kills
Boombl4,16.5,MAP 3 Kills
reiko,19.0,MAP 3 Kills
lunAtic,13.5,MAP 3 Kills
TaZ,12.5,MAP 3 Kills
broky,20.0,MAP 3 Kills
ropz,19.0,MAP 3 Kills
Twistzz,18.5,MAP 3 Kills
rain,18.5,MAP 3 Kills
karrigan,16.0,MAP 3 Kills
s1mple,21.0,MAP 3 Kills
electroNic,18.5,MAP 3 Kills
b1t,17.5,MAP 3 Kills
Perfecto,17.0,MAP 3 Kills
npl,15.0,MAP 3 Kills
hype,19.5,MAP 3 Kills
FRANSSON,19.0,MAP 3 Kills
Ro1f,15.5,MAP 3 Kills
nilo,21.0,MAP 3 Kills
eraa,18.5,MAP 3 Kills
LNZ,17.0,MAP 3 Kills
nettik,10.5,MAP 3 Headshots
asap,9.5,MAP 3 Headshots
TjP,10.0,MAP 3 Headshots
ADDICT,11.0,MAP 3 Headshots
malta,7.0,MAP 3 Headshots
BRACE,9.0,MAP 3 Headshots
prosus,11.5,MAP 3 Headshots
s1n,10.0,MAP 3 Headshots
S3NSEY,4.5,MAP 3 Headshots
kraghen,8.0,MAP 3 Headshots
maNkz,9.0,MAP 3 Headshots
salazar,5.0,MAP 3 Headshots
sh1ro,6.0,MAP 3 Headshots
Ax1Le,11.0,MAP 3 Headshots
HObbit,8.0,MAP 3 Headshots
nafany,8.0,MAP 3 Headshots
buster,6.5,MAP 3 Headshots
Nertz,10.0,MAP 3 Headshots
dycha,8.5,MAP 3 Headshots
SunPayus,4.5,MAP 3 Headshots
Maden,9.0,MAP 3 Headshots
Snappi,6.5,MAP 3 Headshots
deko,7.5,MAP 3 Headshots
TRAVIS,10.5,MAP 3 Headshots
Boombl4,6.5,MAP 3 Headshots
reiko,9.0,MAP 3 Headshots
lunAtic,6.5,MAP 3 Headshots
TaZ,6.5,MAP 3 Headshots
broky,6.0,MAP 3 Headshots
ropz,10.0,MAP 3 Headshots
Twistzz,10.0,MAP 3 Headshots
rain,10.0,MAP 3 Headshots
karrigan,7.5,MAP 3 Headshots
s1mple,8.5,MAP 3 Headshots
electroNic,8.5,MAP 3 Headshots
b1t,11.5,MAP 3 Headshots
Perfecto,8.0,MAP 3 Headshots
npl,7.0,MAP 3 Headshots
hype,7.5,MAP 3 Headshots
FRANSSON,11.5,MAP 3 Headshots
Ro1f,8.5,MAP 3 Headshots
nilo,11.5,MAP 3 Headshots
eraa,6.0,MAP 3 Headshots
LNZ,8.0,MAP 3 Headshots
Diamond Miller,19.5,Points
Sonia Citron,14.5,Points
Abby Meyers,13.5,Points
Maddy Westbeld,12.5,Points
Shyanne Sellers,14.5,Points
Zia Cooke,16.5,Points
Charisma Osborne,13.5,Points
Aliyah Boston,14.5,Points
Kiki Rice,11.5,Points
Taylor Mikesell,16.5,Points
Aaliyah Edwards,17.5,Points
Cotie McMahon,16.5,Points
Lou Lopez,13.5,Points
Taylor Thierry,13.5,Points
Azzi Fudd,14.5,Points
Elizabeth Kitley,18.5,Points
Rickea Jackson,18.5,Points
Georgia Amoore,17.5,Points
Jordan Horston,15.5,Points
Taylor Soule,11.5,Points
Diamond Miller,6.5,Rebounds
Sonia Citron,5.0,Rebounds
Abby Meyers,5.5,Rebounds
Maddy Westbeld,7.0,Rebounds
Aliyah Boston,10.0,Rebounds
Aaliyah Edwards,9.0,Rebounds
Cotie McMahon,6.0,Rebounds
Taylor Thierry,6.5,Rebounds
Elizabeth Kitley,11.0,Rebounds
Rickea Jackson,6.0,Rebounds
Jordan Horston,7.5,Rebounds
Taylor Soule,5.5,Rebounds
Diamond Miller,3.5,Assists
Sonia Citron,2.5,Assists
Jordan Horston,3.5,Assists
Diamond Miller,29.5,Pts+Rebs+Asts
Sonia Citron,22.5,Pts+Rebs+Asts
Abby Meyers,21.5,Pts+Rebs+Asts
Maddy Westbeld,22.5,Pts+Rebs+Asts
Shyanne Sellers,23.5,Pts+Rebs+Asts
Zia Cooke,21.5,Pts+Rebs+Asts
Charisma Osborne,20.5,Pts+Rebs+Asts
Aliyah Boston,26.5,Pts+Rebs+Asts
Kiki Rice,16.5,Pts+Rebs+Asts
Taylor Mikesell,21.5,Pts+Rebs+Asts
Aaliyah Edwards,28.5,Pts+Rebs+Asts
Cotie McMahon,25.5,Pts+Rebs+Asts
Lou Lopez,18.5,Pts+Rebs+Asts
Taylor Thierry,22.5,Pts+Rebs+Asts
Azzi Fudd,20.5,Pts+Rebs+Asts
Elizabeth Kitley,30.5,Pts+Rebs+Asts
Rickea Jackson,25.5,Pts+Rebs+Asts
Georgia Amoore,25.5,Pts+Rebs+Asts
Jordan Horston,26.5,Pts+Rebs+Asts
Taylor Soule,18.5,Pts+Rebs+Asts
Ben DiNucci,245.5,Pass Yards
Quinten Dormady,195.5,Pass Yards
A.J. McCarron,215.5,Pass Yards
Kyle Sloter,155.5,Pass Yards
Brandon Silvers,225.5,Pass Yards
Darius Bradwell,45.5,Rush Yards
Brian Hill,65.5,Rush Yards
De'Veon Smith,45.5,Rush Yards
Abram Smith,65.5,Rush Yards
Jordan Taamu,30.5,Rush Yards
Jahcour Pearson,75.5,Receiving Yards
Blake Jackson,45.5,Receiving Yards
Cody Latimer,55.5,Receiving Yards
Charleston Rambo,40.5,Receiving Yards
Hakeem Butler,60.5,Receiving Yards
Darrius Shepherd,40.5,Receiving Yards
Austin Proehl,33.5,Receiving Yards
Jeff Badet,60.5,Receiving Yards
Sal Cannella,39.5,Receiving Yards
Fred Brown,25.5,Receiving Yards
Alize Mack,23.5,Receiving Yards
Deontay Burnett,50.5,Receiving Yards
Justin Smith,40.5,Receiving Yards
Max Borghi,20.5,Receiving Yards
Lucky Jackson,40.5,Receiving Yards
Francisco Cerundolo,22.5,Total Games
Borna Coric,23.5,Total Games
Jiri Lehecka,22.5,Total Games
Stefanos Tsitsipas,22.5,Total Games
Alex De Minaur,22.5,Total Games
Felix Auger-Aliassime,20.5,Total Games
Matteo Berrettini,24.0,Total Games
Cristian Garin,22.0,Total Games
Yoshihito Nishioka,22.5,Total Games
Lorenzo Sonego,22.5,Total Games
Hubert Hurkacz,23.0,Total Games
Karen Khachanov,22.0,Total Games
Cameron Norrie,20.5,Total Games
Frances Tiafoe,22.0,Total Games
Ben Shelton,23.0,Total Games
Daniil Medvedev,17.5,Total Games
Jeļena Ostapenko,21.5,Total Games
Ludmilla Samsonova,22.5,Total Games
Victoria Azarenka,20.5,Total Games
Coco Gauff,21.5,Total Games
Claire Liu,21.5,Total Games
Jessica Pegula,21.5,Total Games
Elise Mertens,22.0,Total Games
Elena Rybakina,21.5,Total Games
Francisco Cerundolo,14.5,Fantasy Score
Borna Coric,18.0,Fantasy Score
Jiri Lehecka,19.5,Fantasy Score
Stefanos Tsitsipas,21.5,Fantasy Score
Alex De Minaur,21.0,Fantasy Score
Felix Auger-Aliassime,25.5,Fantasy Score
Matteo Berrettini,19.5,Fantasy Score
Cristian Garin,18.0,Fantasy Score
Yoshihito Nishioka,14.0,Fantasy Score
Lorenzo Sonego,17.0,Fantasy Score
Hubert Hurkacz,24.5,Fantasy Score
Karen Khachanov,22.5,Fantasy Score
Cameron Norrie,22.0,Fantasy Score
Frances Tiafoe,23.5,Fantasy Score
Ben Shelton,20.0,Fantasy Score
Daniil Medvedev,25.0,Fantasy Score
Jeļena Ostapenko,16.5,Fantasy Score
Ludmilla Samsonova,15.5,Fantasy Score
Victoria Azarenka,20.5,Fantasy Score
Coco Gauff,19.5,Fantasy Score
Claire Liu,16.0,Fantasy Score
Jessica Pegula,19.5,Fantasy Score
Elise Mertens,18.0,Fantasy Score
Elena Rybakina,21.5,Fantasy Score
Francisco Cerundolo,3.0,Break Points Won
Borna Coric,2.0,Break Points Won
Jiri Lehecka,3.0,Break Points Won
Stefanos Tsitsipas,2.5,Break Points Won
Alex De Minaur,3.0,Break Points Won
Felix Auger-Aliassime,2.5,Break Points Won
Matteo Berrettini,2.5,Break Points Won
Cristian Garin,3.5,Break Points Won
Yoshihito Nishioka,3.0,Break Points Won
Lorenzo Sonego,2.5,Break Points Won
Hubert Hurkacz,2.0,Break Points Won
Karen Khachanov,3.0,Break Points Won
Cameron Norrie,3.5,Break Points Won
Frances Tiafoe,2.5,Break Points Won
Ben Shelton,2.0,Break Points Won
Daniil Medvedev,4.0,Break Points Won
Jeļena Ostapenko,4.5,Break Points Won
Ludmilla Samsonova,3.5,Break Points Won
Victoria Azarenka,5.0,Break Points Won
Coco Gauff,4.0,Break Points Won
Claire Liu,5.5,Break Points Won
Jessica Pegula,4.5,Break Points Won
Elise Mertens,4.5,Break Points Won
Elena Rybakina,4.0,Break Points Won
Evi,2.5,MAP 1 Kills
Jankos,3.5,MAP 1 Kills
Ruby,3.0,MAP 1 Kills
Jackspektra,4.5,MAP 1 Kills
Finn,2.0,MAP 1 Kills
113,2.5,MAP 1 Kills
LIDER,3.0,MAP 1 Kills
Kobbe,4.5,MAP 1 Kills
Szygenda,2.5,MAP 1 Kills
Malrang,2.0,MAP 1 Kills
Larssen,4.0,MAP 1 Kills
Comp,4.5,MAP 1 Kills
Odoamne,2.0,MAP 1 Kills
Xerxe,1.5,MAP 1 Kills
Abbedagge,2.5,MAP 1 Kills
Patrik,3.5,MAP 1 Kills
Photon,3.5,MAP 1 Kills
Bo,3.5,MAP 1 Kills
Perkz,3.0,MAP 1 Kills
Upset,5.0,MAP 1 Kills
Adam,2.0,MAP 1 Kills
Sheo,1.5,MAP 1 Kills
nuc,2.5,MAP 1 Kills
Crownie,3.5,MAP 1 Kills
Oscarinin,1.5,MAP 1 Kills
Razork,2.5,MAP 1 Kills
Humanoid,2.5,MAP 1 Kills
Rekkles,3.0,MAP 1 Kills
Chasy,2.5,MAP 1 Kills
Elyoya,3.0,MAP 1 Kills
Nisqy,4.0,MAP 1 Kills
Carzzy,5.0,MAP 1 Kills
Irrelevant,1.5,MAP 1 Kills
Markoon,2.5,MAP 1 Kills
Sertuss,3.0,MAP 1 Kills
Exakick,3.0,MAP 1 Kills
BrokenBlade,3.5,MAP 1 Kills
Yike,3.5,MAP 1 Kills
Caps,3.5,MAP 1 Kills
Hans sama,5.0,MAP 1 Kills
shanji,5.0,MAPS 1-2 Kills
Aki,4.0,MAPS 1-2 Kills
Creme,6.5,MAPS 1-2 Kills
Able,6.0,MAPS 1-2 Kills
Bin,5.0,MAPS 1-2 Kills
Xun,5.5,MAPS 1-2 Kills
Yagao,6.0,MAPS 1-2 Kills
Elk,11.0,MAPS 1-2 Kills
Dasher,7.5,MAPS 1-2 Kills
Marble,8.0,MAPS 1-2 Kills
Dice,4.5,MAPS 1-2 Kills
Yuhi,5.5,MAPS 1-2 Kills
Invincible,4.5,MAPS 1-2 Kills
shad0w,5.0,MAPS 1-2 Kills
Dream,5.5,MAPS 1-2 Kills
Photic,7.5,MAPS 1-2 Kills
Biubiu,3.5,MAPS 1-2 Kills
Heng,5.0,MAPS 1-2 Kills
Shanks,7.5,MAPS 1-2 Kills
Hope,9.0,MAPS 1-2 Kills
Jane,6.0,MAPS 1-2 Kills
Puddin,7.0,MAPS 1-2 Kills
Yado,5.0,MAPS 1-2 Kills
Artemis,11.5,MAPS 1-2 Kills
Hery,3.0,MAPS 1-2 Kills
Ning,2.5,MAPS 1-2 Kills
Forge,2.5,MAPS 1-2 Kills
Doggo,5.0,MAPS 1-2 Kills
369,5.0,MAPS 1-2 Kills
Kanavi,8.0,MAPS 1-2 Kills
knight,9.5,MAPS 1-2 Kills
Ruler,10.0,MAPS 1-2 Kills
Ace,4.0,MAPS 1-2 Kills
dresscode,5.0,MAPS 1-2 Kills
Recap,8.5,MAPS 1-2 Kills
Leo,10.0,MAPS 1-2 Kills
Froggy,5.5,MAPS 1-2 Kills
Shogun,10.5,MAPS 1-2 Kills
Artifact,5.0,MAPS 1-2 Kills
Eddie,7.5,MAPS 1-2 Kills
shanji,2.5,MAP 3 Kills
Aki,2.0,MAP 3 Kills
Creme,3.0,MAP 3 Kills
Able,3.0,MAP 3 Kills
Bin,2.5,MAP 3 Kills
Xun,2.5,MAP 3 Kills
Yagao,3.0,MAP 3 Kills
Elk,5.5,MAP 3 Kills
Dasher,3.5,MAP 3 Kills
Marble,4.0,MAP 3 Kills
Dice,2.5,MAP 3 Kills
Yuhi,2.5,MAP 3 Kills
Invincible,2.5,MAP 3 Kills
shad0w,2.5,MAP 3 Kills
Dream,2.5,MAP 3 Kills
Photic,4.0,MAP 3 Kills
Biubiu,1.5,MAP 3 Kills
Heng,2.5,MAP 3 Kills
Shanks,4.0,MAP 3 Kills
Hope,4.5,MAP 3 Kills
Jane,3.0,MAP 3 Kills
Puddin,3.5,MAP 3 Kills
Yado,2.5,MAP 3 Kills
Artemis,5.5,MAP 3 Kills
Hery,1.5,MAP 3 Kills
Ning,1.0,MAP 3 Kills
Forge,1.5,MAP 3 Kills
Doggo,2.5,MAP 3 Kills
369,2.5,MAP 3 Kills
Kanavi,4.0,MAP 3 Kills
knight,5.0,MAP 3 Kills
Ruler,5.0,MAP 3 Kills
Ace,2.0,MAP 3 Kills
dresscode,2.5,MAP 3 Kills
Recap,4.0,MAP 3 Kills
Leo,5.0,MAP 3 Kills
Froggy,2.5,MAP 3 Kills
Shogun,5.0,MAP 3 Kills
Artifact,2.5,MAP 3 Kills
Eddie,4.0,MAP 3 Kills
Kiin,4.5,MAPS 1-3 Kills
Cuzz,5.5,MAPS 1-3 Kills
Bdd,6.5,MAPS 1-3 Kills
Aiming,7.5,MAPS 1-3 Kills
Zeus,8.0,MAPS 1-3 Kills
Oner,8.5,MAPS 1-3 Kills
Faker,8.5,MAPS 1-3 Kills
Gumayusi,12.0,MAPS 1-3 Kills
1116,11.5,MAPS 1-3 Kills
Feng,15.0,MAPS 1-3 Kills
Kisee,10.0,MAPS 1-3 Kills
Raes,10.5,MAPS 1-3 Kills
dyNquedo,10.0,MAPS 1-3 Kills
Bvoy,14.0,MAPS 1-3 Kills
Avenger,7.5,MAPS 1-3 Kills
TitaN,10.0,MAPS 1-3 Kills
Tenacity,6.5,MAPS 1-3 Kills
Closer,9.0,MAPS 1-3 Kills
Bjergsen,8.5,MAPS 1-3 Kills
Doublelift,15.5,MAPS 1-3 Kills
Licorice,4.0,MAPS 1-3 Kills
River,6.0,MAPS 1-3 Kills
Gori,9.5,MAPS 1-3 Kills
Stixxay,11.0,MAPS 1-3 Kills
Kiin,1.5,MAP 4 Kills
Cuzz,1.5,MAP 4 Kills
Bdd,2.0,MAP 4 Kills
Aiming,2.5,MAP 4 Kills
Zeus,2.5,MAP 4 Kills
Oner,3.0,MAP 4 Kills
Faker,3.0,MAP 4 Kills
Gumayusi,4.0,MAP 4 Kills
1116,4.0,MAP 4 Kills
Feng,5.0,MAP 4 Kills
Kisee,3.5,MAP 4 Kills
Raes,3.5,MAP 4 Kills
dyNquedo,3.5,MAP 4 Kills
Bvoy,4.5,MAP 4 Kills
Avenger,2.5,MAP 4 Kills
TitaN,3.0,MAP 4 Kills
Tenacity,2.5,MAP 4 Kills
Closer,3.0,MAP 4 Kills
Bjergsen,3.0,MAP 4 Kills
Doublelift,5.0,MAP 4 Kills
Licorice,1.5,MAP 4 Kills
River,2.0,MAP 4 Kills
Gori,3.0,MAP 4 Kills
Stixxay,3.5,MAP 4 Kills
Kiin,1.5,MAP 5 Kills
Cuzz,1.5,MAP 5 Kills
Bdd,2.0,MAP 5 Kills
Aiming,2.5,MAP 5 Kills
Zeus,2.5,MAP 5 Kills
Oner,3.0,MAP 5 Kills
Faker,3.0,MAP 5 Kills
Gumayusi,4.0,MAP 5 Kills
1116,4.0,MAP 5 Kills
Feng,5.0,MAP 5 Kills
Kisee,3.5,MAP 5 Kills
Raes,3.5,MAP 5 Kills
dyNquedo,3.5,MAP 5 Kills
Bvoy,4.5,MAP 5 Kills
Avenger,2.5,MAP 5 Kills
TitaN,3.0,MAP 5 Kills
Tenacity,2.5,MAP 5 Kills
Closer,3.0,MAP 5 Kills
Bjergsen,3.0,MAP 5 Kills
Doublelift,5.0,MAP 5 Kills
Licorice,1.5,MAP 5 Kills
River,2.0,MAP 5 Kills
Gori,3.0,MAP 5 Kills
Stixxay,3.5,MAP 5 Kills
Austin Cindric,6.5,Starting Position
Daniel Suarez,8.5,Starting Position
Alex Bowman,9.5,Starting Position
Christopher Bell,10.5,Starting Position
Chase Briscoe,13.5,Starting Position
Denny Hamlin,14.5,Starting Position
Kevin Harvick,17.5,Starting Position
Martin Truex Jr.,19.5,Starting Position
Kyle Larson,37.5,NASCAR Points
Ross Chastain,36.5,NASCAR Points
Kyle Busch,36.5,NASCAR Points
AJ Allmendinger,34.5,NASCAR Points
William Byron,32.5,NASCAR Points
Tyler Reddick,37.5,NASCAR Points
Daniel Suarez,32.5,NASCAR Points
Christopher Bell,32.5,NASCAR Points
Austin Cindric,33.5,NASCAR Points
Ryan Blaney,32.5,NASCAR Points
Alex Bowman,31.5,NASCAR Points
Joey Logano,30.5,NASCAR Points
Denny Hamlin,29.5,NASCAR Points
Kevin Harvick,28.5,NASCAR Points
Chase Briscoe,28.5,NASCAR Points
Martin Truex Jr.,27.5,NASCAR Points
Chris Buescher,28.5,NASCAR Points
Michael McDowell,28.5,NASCAR Points
Brad Keselowski,26.5,NASCAR Points
Jordan Taylor,27.5,NASCAR Points
Erika,10.5,MAPS 1-2 Kills
Setsu,13.0,MAPS 1-2 Kills
Monet,18.5,MAPS 1-2 Kills
Xwy,14.5,MAPS 1-2 Kills
Yatoro,18.5,MAPS 1-2 Kills
Larl,16.5,MAPS 1-2 Kills
shigetsu,10.5,MAPS 1-2 Kills
mellojul,10.5,MAPS 1-2 Kills
dream`,13.5,MAPS 1-2 Kills
Worick,10.5,MAPS 1-2 Kills
RAMZES666,15.0,MAPS 1-2 Kills
kiyotaka,21.0,MAPS 1-2 Kills
Kiritych~,13.5,MAPS 1-2 Kills
squad1x,17.5,MAPS 1-2 Kills
Munkushi~,12.5,MAPS 1-2 Kills
Ainkrad,16.5,MAPS 1-2 Kills
Timado,19.5,MAPS 1-2 Kills
Bryle,21.0,MAPS 1-2 Kills
Yawar,9.5,MAPS 1-2 Kills
Alone,10.5,MAPS 1-2 Kills
StoneBank,14.5,MAPS 1-2 Kills
Dendi,15.5,MAPS 1-2 Kills
Berna,15.5,MAPS 1-2 Kills
Kitzz,15.0,MAPS 1-2 Kills
dnm,15.0,MAPS 1-2 Kills
red2,17.5,MAPS 1-2 Kills
Erika,5.5,MAP 3 Kills
Setsu,6.5,MAP 3 Kills
Monet,9.5,MAP 3 Kills
Xwy,7.5,MAP 3 Kills
Yatoro,9.0,MAP 3 Kills
Larl,8.5,MAP 3 Kills
shigetsu,5.0,MAP 3 Kills
mellojul,5.5,MAP 3 Kills
dream`,6.5,MAP 3 Kills
Worick,5.5,MAP 3 Kills
RAMZES666,7.5,MAP 3 Kills
kiyotaka,10.5,MAP 3 Kills
Kiritych~,7.0,MAP 3 Kills
squad1x,8.5,MAP 3 Kills
Munkushi~,6.0,MAP 3 Kills
Ainkrad,8.0,MAP 3 Kills
Timado,10.0,MAP 3 Kills
Bryle,10.5,MAP 3 Kills
Yawar,5.0,MAP 3 Kills
Alone,5.5,MAP 3 Kills
StoneBank,7.0,MAP 3 Kills
Dendi,8.0,MAP 3 Kills
Berna,8.0,MAP 3 Kills
Kitzz,7.5,MAP 3 Kills
dnm,7.5,MAP 3 Kills
red2,8.5,MAP 3 Kills
Patrick Mahomes,4825.5,Pass Yards
Josh Allen,4375.5,Pass Yards
Joe Burrow,4500.5,Pass Yards
Justin Herbert,4775.5,Pass Yards
Trevor Lawrence,4125.5,Pass Yards
Jalen Hurts,3675.5,Pass Yards
Kirk Cousins,4250.5,Pass Yards
Dak Prescott,4375.5,Pass Yards
Derrick Henry,1300.5,Rush Yards
Jonathan Taylor,1300.5,Rush Yards
Nick Chubb,1250.5,Rush Yards
Travis Etienne Jr.,1150.5,Rush Yards
Kenneth Walker III,1100.5,Rush Yards
Najee Harris,1050.5,Rush Yards
Josh Allen,600.5,Rush Yards
Jalen Hurts,725.5,Rush Yards
Justin Jefferson,1450.5,Receiving Yards
Tyreek Hill,1275.5,Receiving Yards
Ja'Marr Chase,1275.5,Receiving Yards
Travis Kelce,1125.5,Receiving Yards
Stefon Diggs,1225.5,Receiving Yards
CeeDee Lamb,1225.5,Receiving Yards
Davante Adams,1250.5,Receiving Yards
Amon-Ra St. Brown,1100.5,Receiving Yards
DK Metcalf,999.5,Receiving Yards
AJ Brown,1150.5,Receiving Yards
Devonta Smith,1100.5,Receiving Yards
Garrett Wilson,1125.5,Receiving Yards
Tim Taranto,3.5,Marks
Dion Prestia,3.5,Marks
Rory Laird,2.5,Marks
Jordan Dawson,5.5,Marks
Jack Macrae,4.0,Marks
Marcus Bontempelli,3.5,Marks
Jack Higgins,4.0,Marks
Jack Steele,4.5,Marks
Luke Davies-Uniacke,3.5,Marks
Andrew Brayshaw,4.5,Marks
Jy Simpkin,3.5,Marks
Will Brodie,2.5,Marks
Paul Curtis,3.5,Marks
Callum Mills,5.5,Marks
Chad Warner,3.0,Marks
Luke Parker,3.5,Marks
Karl Amon,4.5,Marks
Touk Miller,3.5,Marks
Darcy Parish,3.5,Marks
Noah Anderson,3.5,Marks
Zach Merrett,4.0,Marks
Tom Green,3.0,Marks
Dom Sheed,3.5,Marks
Stephen Coniglio,3.5,Marks
Tim Kelly,3.5,Marks
Tim Taranto,0.5,Goals
Jack Riewoldt,1.5,Goals
Elliott Himmelberg,0.5,Goals
Anthony Scott,0.5,Goals
Riley Garcia,0.5,Goals
Anthony Caminiti,0.5,Goals
Dan Butler,0.5,Goals
Mason Wood,0.5,Goals
Jack Higgins,1.5,Goals
Nick Larkey,1.5,Goals
Lachie Shultz,1.5,Goals
Paul Curtis,0.5,Goals
Logan McDonald,1.5,Goals
Tom Papley,1.5,Goals
Jack Lukosius,0.5,Goals
Harrison Jones,1.5,Goals
Nick Holman,0.5,Goals
Sam Flanders,0.5,Goals
Toby greene,2.0,Goals
Noah Long,0.5,Goals
Jesse Hogan,1.5,Goals
Tim Taranto,5.0,Tackles
Daniel Rioli,3.5,Tackles
Rory Laird,3.5,Tackles
Jordan Dawson,3.0,Tackles
Marcus Bontempelli,5.0,Tackles
Tom Liberatore,5.5,Tackles
Jack Steele,6.5,Tackles
Dan Butler,3.5,Tackles
Luke Davies-Uniacke,4.5,Tackles
Andrew Brayshaw,6.0,Tackles
Jy Simpkin,4.5,Tackles
Will Brodie,5.5,Tackles
Paul Curtis,2.5,Tackles
Callum Mills,5.5,Tackles
Chad Warner,4.0,Tackles
Luke Parker,5.5,Tackles
Karl Amon,3.0,Tackles
Touk Miller,6.0,Tackles
Darcy Parish,3.5,Tackles
Noah Anderson,3.5,Tackles
Zach Merrett,4.5,Tackles
Tom Green,3.5,Tackles
Dom Sheed,2.5,Tackles
Stephen Coniglio,4.5,Tackles
Tim Kelly,3.5,Tackles
Tim Taranto,29.5,Disposals
Dion Prestia,25.5,Disposals
Daniel Rioli,23.0,Disposals
Jordan Dawson,23.5,Disposals
Ben Keays,21.0,Disposals
Rory Laird,30.0,Disposals
Marcus Bontempelli,26.5,Disposals
Jack Macrae,32.0,Disposals
Tom Liberatore,26.5,Disposals
Brad Crouch,28.0,Disposals
Jack Sinclair,25.5,Disposals
Jack Steele,27.0,Disposals
Luke Davies-Uniacke,28.5,Disposals
Andrew Brayshaw,28.5,Disposals
Jy Simpkin,26.5,Disposals
Caleb Serong,27.5,Disposals
Jack Ziebell,23.5,Disposals
Will Brodie,26.5,Disposals
Callum Mills,25.5,Disposals
James Worpel,25.0,Disposals
Chad Warner,25.5,Disposals
James Sicily,24.0,Disposals
Luke Parker,24.5,Disposals
Karl Amon,22.5,Disposals
Touk Miller,29.5,Disposals
Darcy Parish,31.5,Disposals
Noah Anderson,24.5,Disposals
Zach Merrett,30.0,Disposals
Matt Rowell,22.5,Disposals
Dylan Shiel,23.5,Disposals
Tom Green,30.5,Disposals
Dom Sheed,24.5,Disposals
Stephen Coniglio,28.5,Disposals
Tim Kelly,23.5,Disposals
Callan Ward,25.0,Disposals
Luke Shuey,24.0,Disposals
Aaron Judge,4.5,Multi-HR Games
Vladimir Guerrero Jr.,3.5,Multi-HR Games
Mike Trout,3.5,Multi-HR Games
Shohei Ohtani,2.5,Multi-HR Games
Yordan Alvarez,3.5,Multi-HR Games
Ronald Acuña Jr.,2.5,Multi-HR Games
Rafael Devers,2.5,Multi-HR Games
Pete Alonso,3.5,Multi-HR Games
Paul Goldschmidt,2.5,Multi-HR Games
Mookie Betts,2.5,Multi-HR Games
Matt Olson,2.5,Multi-HR Games
Manny Machado,2.5,Multi-HR Games
Kyle Tucker,2.5,Multi-HR Games
Julio Rodriguez,2.5,Multi-HR Games
Kyle Schwarber,3.5,Multi-HR Games
Juan Soto,2.5,Multi-HR Games
Jose Ramirez,2.5,Multi-HR Games
Salvador Perez,1.5,Multi-HR Games
Eloy Jiménez,2.5,Multi-HR Games
Austin Riley,2.5,Multi-HR Games
Giancarlo Stanton,2.5,Multi-HR Games
Byron Buxton,2.5,Multi-HR Games
Fernando Tatis Jr.,2.5,Multi-HR Games
Corey Seager,2.5,Multi-HR Games
Oneil Cruz,1.5,Multi-HR Games
Rowdy Tellez,2.5,Multi-HR Games
Hunter Renfroe,2.5,Multi-HR Games
Matt Chapman,2.5,Multi-HR Games
Teoscar HernAndez,2.5,Multi-HR Games
Bo Bichette,1.5,Multi-HR Games
Anthony Rizzo,1.5,Multi-HR Games
Jazz Chisholm,1.5,Multi-HR Games
Alex Bregman,1.5,Multi-HR Games
Carlos Correa,1.5,Multi-HR Games
Franciso Lindor,1.5,Multi-HR Games
Bobby Witt Jr.,1.5,Multi-HR Games
Randy Arozarena,0.5,Multi-HR Games
Javier Baez,0.5,Multi-HR Games
Trea Turner,0.5,Multi-HR Games
Christian Yelich,0.5,Multi-HR Games
Xander Bogaerts,0.5,Multi-HR Games
J.T. Realmuto,0.5,Multi-HR Games
Spencer Torkelson,0.5,Multi-HR Games
Adley Rutschman,0.5,Multi-HR Games
Wander Franco,0.5,Multi-HR Games
Andrew McCutchen,0.5,Multi-HR Games
Aaron Judge,45.5,Home Runs
Vladimir Guerrero Jr.,36.5,Home Runs
Mike Trout,39.5,Home Runs
Shohei Ohtani,34.5,Home Runs
Yordan Alvarez,37.5,Home Runs
Ronald Acuña Jr.,30.5,Home Runs
Rafael Devers,32.5,Home Runs
Pete Alonso,38.5,Home Runs
Paul Goldschmidt,29.5,Home Runs
Mookie Betts,29.5,Home Runs
Matt Olson,35.5,Home Runs
Manny Machado,30.5,Home Runs
Kyle Tucker,32.5,Home Runs
Julio Rodriguez,30.5,Home Runs
Kyle Schwarber,37.5,Home Runs
Juan Soto,30.5,Home Runs
Jose Ramirez,29.5,Home Runs
Salvador Perez,27.5,Home Runs
Eloy Jiménez,29.5,Home Runs
Austin Riley,34.5,Home Runs
Giancarlo Stanton,31.5,Home Runs
Byron Buxton,30.5,Home Runs
Fernando Tatis Jr.,31.5,Home Runs
Corey Seager,25.5,Home Runs
Rowdy Tellez,29.5,Home Runs
Hunter Renfroe,29.5,Home Runs
Matt Chapman,29.5,Home Runs
Teoscar HernAndez,27.5,Home Runs
Bo Bichette,25.5,Home Runs
Anthony Rizzo,26.5,Home Runs
Jazz Chisholm,23.5,Home Runs
Alex Bregman,23.5,Home Runs
Oneil Cruz,23.5,Home Runs
Carlos Correa,22.5,Home Runs
Franciso Lindor,23.5,Home Runs
Bobby Witt Jr.,22.5,Home Runs
Randy Arozarena,19.5,Home Runs
Javier Baez,20.5,Home Runs
Trea Turner,22.5,Home Runs
Christian Yelich,16.5,Home Runs
Xander Bogaerts,18.5,Home Runs
J.T. Realmuto,19.5,Home Runs
Spencer Torkelson,16.5,Home Runs
Adley Rutschman,17.5,Home Runs
Wander Franco,14.5,Home Runs
Andrew McCutchen,14.5,Home Runs
Miguel Cabrera,5.5,Home Runs
Steven Kwan,6.5,Home Runs
Luis Arraez,6.5,Home Runs
Gerrit Cole,8.5,10+ Strikeout Games
Jacob deGrom,9.0,10+ Strikeout Games
Max Scherzer,7.5,10+ Strikeout Games
Shane Bieber,3.5,10+ Strikeout Games
Sandy Alcantara,3.5,10+ Strikeout Games
Robbie Ray,5.5,10+ Strikeout Games
Luis Castillo,3.5,10+ Strikeout Games
Justin Verlander,3.5,10+ Strikeout Games
Hunter Greene,4.5,10+ Strikeout Games
Spencer Strider,8.5,10+ Strikeout Games
Dylan Cease,5.5,10+ Strikeout Games
Christian Javier,3.5,10+ Strikeout Games
Corbin Burnes,7.5,10+ Strikeout Games
Zack Wheeler,2.5,10+ Strikeout Games
Brandon Woodruff,5.5,10+ Strikeout Games
Nick Lodolo,3.5,10+ Strikeout Games
Aaron Nola,5.5,10+ Strikeout Games
Shohei Ohtani,6.5,10+ Strikeout Games
Julio Urias,2.5,10+ Strikeout Games
Kevin Gausman,3.5,10+ Strikeout Games
Shane McClanahan,4.5,10+ Strikeout Games
Zac Gallen,2.5,10+ Strikeout Games
Alek Manoah,1.5,10+ Strikeout Games
Yu Darvish,2.5,10+ Strikeout Games
Triston McKenzie,3.0,10+ Strikeout Games
Blake Snell,5.5,10+ Strikeout Games
Clayton Kershaw,2.5,10+ Strikeout Games
Jesus Luzardo,3.5,10+ Strikeout Games
Nestor Cortez,2.0,10+ Strikeout Games
Logan Gilbert,1.5,10+ Strikeout Games
Taijuan Walker,1.0,10+ Strikeout Games
Patrick Sandoval,1.5,10+ Strikeout Games
Nathan Eovaldi,0.5,10+ Strikeout Games
Max Fried,0.5,10+ Strikeout Games
Framber Valdez,2.0,10+ Strikeout Games
Logan Webb,1.5,10+ Strikeout Games
Jameson Taillon,0.5,10+ Strikeout Games
Brady Singer,2.5,10+ Strikeout Games
Patrick Corbin,0.5,10+ Strikeout Games
Emmanuel Clase,35.5,Saves
Josh Hader,34.5,Saves
Jordan Romano,34.5,Saves
Devin Williams,30.5,Saves
Ryan Pressly,32.5,Saves
Camilo Doval,32.5,Saves
Daniel Bard,28.5,Saves
Gerrit Cole,235.5,Strikeouts
Jacob deGrom,199.5,Strikeouts
Max Scherzer,206.5,Strikeouts
Zack Wheeler,180.5,Strikeouts
Shane Bieber,195.5,Strikeouts
Sandy Alcantara,195.5,Strikeouts
Robbie Ray,207.5,Strikeouts
Luis Castillo,183.5,Strikeouts
Justin Verlander,185.5,Strikeouts
Hunter Greene,189.5,Strikeouts
Dylan Cease,210.5,Strikeouts
Christian Javier,191.5,Strikeouts
Corbin Burnes,230.5,Strikeouts
Brandon Woodruff,193.5,Strikeouts
Aaron Nola,212.5,Strikeouts
Shohei Ohtani,205.5,Strikeouts
Julio Urias,169.5,Strikeouts
Kevin Gausman,195.5,Strikeouts
Shane McClanahan,197.5,Strikeouts
Zac Gallen,187.5,Strikeouts
Alek Manoah,176.5,Strikeouts
Yu Darvish,187.5,Strikeouts
Triston McKenzie,185.5,Strikeouts
Blake Snell,183.5,Strikeouts
Clayton Kershaw,165.5,Strikeouts
Nick Lodolo,177.5,Strikeouts
Spencer Strider,205.5,Strikeouts
Jesus Luzardo,155.5,Strikeouts
Nestor Cortez,160.5,Strikeouts
Logan Gilbert,165.5,Strikeouts
Taijuan Walker,128.5,Strikeouts
Patrick Sandoval,160.5,Strikeouts
Nathan Eovaldi,139.5,Strikeouts
Max Fried,166.5,Strikeouts
Framber Valdez,179.5,Strikeouts
Logan Webb,167.5,Strikeouts
Noah Syndergaard,110.5,Strikeouts
Jameson Taillon,140.5,Strikeouts
Brady Singer,166.5,Strikeouts
Cal Quantrill,119.5,Strikeouts
Trea Turner,176.5,Hits
Tim Anderson,159.5,Hits
Rafael Devers,165.5,Hits
Bo Bichette,170.5,Hits
Vladimir Guerrero Jr.,163.5,Hits
Mookie Betts,154.5,Hits
Kyle Tucker,154.5,Hits
Julio Rodriguez,155.5,Hits
Paul Goldschmidt,157.5,Hits
Manny Machado,155.5,Hits
Luis Arraez,158.5,Hits
Michael Harris,153.5,Hits
Bobby Witt Jr.,152.5,Hits
Wander Franco,151.5,Hits
Aaron Judge,154.5,Hits
Marcus Semien,153.5,Hits
Alex Bregman,140.5,Hits
Corey Seager,146.5,Hits
Yordan Alvarez,148.5,Hits
Steven Kwan,150.5,Hits
Ronald Acuña Jr.,144.5,Hits
Pete Alonso,147.5,Hits
Aaron Judge,108.5,RBIs
Yordan Alvarez,106.5,RBIs
Austin Riley,103.5,RBIs
Bo Bichette,92.5,RBIs
C.J. Cron,88.5,RBIs
Alex Bregman,89.5,RBIs
Fernando Tatis Jr.,87.5,RBIs
Jose Ramirez,98.5,RBIs
Juan Soto,89.5,RBIs
Kyle Tucker,99.5,RBIs
Manny Machado,97.5,RBIs
Matt Olson,101.5,RBIs
Mike Trout,90.5,RBIs
Paul Goldschmidt,96.5,RBIs
Pete Alonso,107.5,RBIs
Rafael Devers,97.5,RBIs
Shohei Ohtani,94.5,RBIs
Vladimir Guerrero Jr.,97.5,RBIs
Jacob deGrom,2.61,ERA
Corbin Burnes,2.88,ERA
Justin Verlander,3.02,ERA
Shohei Ohtani,3.15,ERA
Max Scherzer,2.99,ERA
Shane McClanahan,3.04,ERA
Gerrit Cole,3.14,ERA
Spencer Strider,3.17,ERA
Brandon Woodruff,3.15,ERA
Max Fried,3.15,ERA
Sandy Alcantara,3.18,ERA
Luis Castillo,3.24,ERA
Framber Valdez,3.24,ERA
Alek Manoah,3.41,ERA
Shane Bieber,3.38,ERA
Dylan Cease,3.43,ERA
Kevin Gausman,3.47,ERA
Blake Snell,3.45,ERA
Nestor Cortez,3.47,ERA
Chris Sale,3.48,ERA
Patrick Sandoval,3.62,ERA
Nick Lodolo,3.68,ERA
Brady Singer,3.72,ERA
Nathan Eovaldi,3.84,ERA
Cal Quantrill,3.85,ERA
Noah Syndergaard,4.18,ERA
Johnny Cueto,4.29,ERA
Zack Greinke,4.39,ERA
Kyle Freeland,4.63,ERA
Madison Bumgarner,4.92,ERA
Patrick Corbin,5.41,ERA
AJ Smith-Shawver,4.0,Pitcher Strikeouts
Colin Rea,3.5,Pitcher Strikeouts
Cristopher Sánchez,4.0,Pitcher Strikeouts
Rich Hill,4.5,Pitcher Strikeouts
Tarik Skubal,5.0,Pitcher Strikeouts
Jesús Luzardo,7.5,Pitcher Strikeouts
Trevor Williams,3.0,Pitcher Strikeouts
Justin Verlander,5.5,Pitcher Strikeouts
Aaron Civale,5.0,Pitcher Strikeouts
Michael Kopech,5.0,Pitcher Strikeouts
Kenta Maeda,5.5,Pitcher Strikeouts
Ryan Yarbrough,3.5,Pitcher Strikeouts
Brandon Bielak,4.5,Pitcher Strikeouts
Kyle Hendricks,4.0,Pitcher Strikeouts
Steven Matz,5.0,Pitcher Strikeouts
Luis Medina,5.0,Pitcher Strikeouts
Graham Ashcraft,4.0,Pitcher Strikeouts
Michael Grove,5.0,Pitcher Strikeouts
Luis Castillo,6.0,Pitcher Strikeouts
Merrill Kelly,6.0,Pitcher Strikeouts
Blake Snell,8.0,Pitcher Strikeouts
Cody Bradford,4.0,Pitcher Strikeouts
Luis Severino,5.0,Pitcher Strikeouts
Dean Kremer,5.0,Pitcher Strikeouts
AJ Smith-Shawver + Colin Rea,7.5,Pitcher Strikeouts (Combo)
Rich Hill + Cristopher Sánchez,8.5,Pitcher Strikeouts (Combo)
Jesús Luzardo + Tarik Skubal,12.5,Pitcher Strikeouts (Combo)
Blake Snell + Jesús Luzardo,15.5,Pitcher Strikeouts (Combo)
Justin Verlander + Trevor Williams,8.5,Pitcher Strikeouts (Combo)
Aaron Civale + Michael Kopech,10.0,Pitcher Strikeouts (Combo)
Ryan Yarbrough + Kenta Maeda,9.0,Pitcher Strikeouts (Combo)
Kyle Hendricks + Steven Matz,9.0,Pitcher Strikeouts (Combo)
Michael Grove + Graham Ashcraft,9.0,Pitcher Strikeouts (Combo)
Merrill Kelly + Luis Castillo,12.0,Pitcher Strikeouts (Combo)
Luis Severino + Dean Kremer,10.0,Pitcher Strikeouts (Combo)
Justin Verlander + Trevor Williams,0.5,1st Inning Runs Allowed
Ryan Yarbrough + Kenta Maeda,0.5,1st Inning Runs Allowed
Aaron Civale + Michael Kopech,0.5,1st Inning Runs Allowed
Luis Severino + Steven Matz,0.5,1st Inning Runs Allowed
Kyle Hendricks + Luis Castillo,0.5,1st Inning Runs Allowed
Scott Alexander + Brennan Bernardino,0.5,1st Inning Runs Allowed
Merrill Kelly + Luis Castillo,0.5,1st Inning Runs Allowed
Michael Grove + Dean Kremer,0.5,1st Inning Runs Allowed
Jesús Luzardo + Tarik Skubal,1.5,1st Inning Hits Allowed
Justin Verlander,5.5,Hits Allowed
Trevor Williams,5.5,Hits Allowed
Jesús Luzardo,4.5,Hits Allowed
Aaron Civale,5.5,Hits Allowed
Michael Kopech,4.5,Hits Allowed
Steven Matz,5.0,Hits Allowed
Luis Medina,5.5,Hits Allowed
Luis Castillo,5.0,Hits Allowed
Merrill Kelly,5.0,Hits Allowed
Dean Kremer,5.5,Hits Allowed
Austin Riley,1.5,Total Bases
Christian Yelich,1.5,Total Bases
Ozzie Albies,1.5,Total Bases
William Contreras,1.5,Total Bases
Alec Bohm,1.5,Total Bases
Bryan Reynolds,1.5,Total Bases
Nick Castellanos,1.5,Total Bases
Trea Turner,1.5,Total Bases
Francisco Lindor,1.5,Total Bases
Alex Call,0.5,Total Bases
Brandon Nimmo,1.5,Total Bases
Seby Zavala,0.5,Total Bases
Carlos Correa,1.5,Total Bases
Miguel Amaya,0.5,Total Bases
Brent Rooker,1.5,Total Bases
C.J. Cron,1.5,Total Bases
Shea Langeliers,1.5,Total Bases
Jordan Díaz,1.5,Total Bases
Ramón Laureano,1.5,Total Bases
Randal Grichuk,1.5,Total Bases
Tony Kemp,1.5,Total Bases
Zack Gelof,1.5,Total Bases
Freddie Freeman,1.5,Total Bases
Elly De La Cruz,1.5,Total Bases
Mookie Betts,1.5,Total Bases
Will Benson,0.5,Total Bases
Kolten Wong,0.5,Total Bases
Mike Ford,0.5,Total Bases
Anthony Santander,1.5,Total Bases
Tarik Skubal,1.5,Walks Allowed
Kyle Hendricks,1.5,Walks Allowed
Steven Matz,1.5,Walks Allowed
Justin Verlander,36.5,Pitcher Fantasy Score
Jesús Luzardo,39.5,Pitcher Fantasy Score
Aaron Civale,29.5,Pitcher Fantasy Score
Kenta Maeda,29.5,Pitcher Fantasy Score
Kyle Hendricks,22.5,Pitcher Fantasy Score
Luis Castillo,33.5,Pitcher Fantasy Score
Merrill Kelly,31.5,Pitcher Fantasy Score
Blake Snell,40.5,Pitcher Fantasy Score
Luis Severino,24.5,Pitcher Fantasy Score
Dean Kremer,27.5,Pitcher Fantasy Score
Matt Olson,2.5,Hits+Runs+RBIS
Ronald Acuña Jr.,2.5,Hits+Runs+RBIS
Andruw Monasterio,1.5,Hits+Runs+RBIS
Bryce Harper,1.5,Hits+Runs+RBIS
Edmundo Sosa,1.5,Hits+Runs+RBIS
Connor Joe,1.5,Hits+Runs+RBIS
Jean Segura,1.5,Hits+Runs+RBIS
Zack Short,0.5,Hits+Runs+RBIS
CJ Abrams,1.5,Hits+Runs+RBIS
Andrew Vaughn,1.5,Hits+Runs+RBIS
Willi Castro,1.5,Hits+Runs+RBIS
Kyle Tucker,1.5,Hits+Runs+RBIS
Josh Lowe,1.5,Hits+Runs+RBIS
Martín Maldonado,0.5,Hits+Runs+RBIS
Yordan Alvarez,1.5,Hits+Runs+RBIS
Brenton Doyle,1.5,Hits+Runs+RBIS
Nick Allen,1.5,Hits+Runs+RBIS
Matt McLain,1.5,Hits+Runs+RBIS
Miguel Rojas,1.5,Hits+Runs+RBIS
Corbin Carroll,1.5,Hits+Runs+RBIS
Ketel Marte,1.5,Hits+Runs+RBIS
Teoscar Hernández,1.5,Hits+Runs+RBIS
Juan Soto,1.5,Hits+Runs+RBIS
Marcus Semien,1.5,Hits+Runs+RBIS
Nathaniel Lowe,1.5,Hits+Runs+RBIS
Harrison Bader,1.5,Hits+Runs+RBIS
Adam Frazier,1.5,Hits+Runs+RBIS
Ronald Acuña Jr. + Christian Yelich,5.0,Hits+Runs+RBIs (Combo)
Bryan Reynolds + Trea Turner,4.5,Hits+Runs+RBIs (Combo)
José Ramírez + Luis Robert Jr.,4.0,Hits+Runs+RBIs (Combo)
Bobby Witt Jr. + Carlos Correa,4.0,Hits+Runs+RBIs (Combo)
Kyle Tucker + Wander Franco,3.5,Hits+Runs+RBIs (Combo)
Nico Hoerner + Paul Goldschmidt,4.0,Hits+Runs+RBIs (Combo)
Freddie Freeman + Elly De La Cruz,4.0,Hits+Runs+RBIs (Combo)
Fernando Tatis Jr. + Marcus Semien,4.0,Hits+Runs+RBIs (Combo)
Gleyber Torres + Adley Rutschman,4.0,Hits+Runs+RBIs (Combo)
Tarik Skubal,15.5,Pitching Outs
Justin Verlander,18.5,Pitching Outs
Trevor Williams,15.5,Pitching Outs
Kenta Maeda,17.0,Pitching Outs
Ryan Yarbrough,17.0,Pitching Outs
Brandon Bielak,16.5,Pitching Outs
Kyle Hendricks,17.5,Pitching Outs
Steven Matz,15.5,Pitching Outs
Graham Ashcraft,15.5,Pitching Outs
Blake Snell,17.5,Pitching Outs
Dean Kremer,17.0,Pitching Outs
Luis Severino,16.0,Pitching Outs
Ronald Acuña Jr.,11.5,Hitter Fantasy Score
Christian Yelich,8.5,Hitter Fantasy Score
Matt Olson,9.0,Hitter Fantasy Score
Bryce Harper,7.0,Hitter Fantasy Score
Luis Arraez,6.5,Hitter Fantasy Score
Riley Greene,5.5,Hitter Fantasy Score
Pete Alonso,8.0,Hitter Fantasy Score
Francisco Lindor,7.5,Hitter Fantasy Score
José Ramírez,8.0,Hitter Fantasy Score
Luis Robert,7.0,Hitter Fantasy Score
Steven Kwan,7.5,Hitter Fantasy Score
Bobby Witt Jr.,8.5,Hitter Fantasy Score
Carlos Correa,7.5,Hitter Fantasy Score
Kyle Tucker,7.5,Hitter Fantasy Score
Wander Franco,8.0,Hitter Fantasy Score
Yordan Alvarez,7.5,Hitter Fantasy Score
Yandy Díaz,7.0,Hitter Fantasy Score
Cody Bellinger,7.0,Hitter Fantasy Score
Paul Goldschmidt,7.5,Hitter Fantasy Score
Nico Hoerner,7.5,Hitter Fantasy Score
Rafael Devers,7.0,Hitter Fantasy Score
Justin Turner,7.5,Hitter Fantasy Score
Freddie Freeman,9.0,Hitter Fantasy Score
Elly De La Cruz,8.5,Hitter Fantasy Score
Mookie Betts,9.0,Hitter Fantasy Score
Matt McLain,7.0,Hitter Fantasy Score
Corbin Carroll,7.0,Hitter Fantasy Score
Julio Rodríguez,7.5,Hitter Fantasy Score
Ketel Marte,6.5,Hitter Fantasy Score
Fernando Tatis Jr.,9.5,Hitter Fantasy Score
Marcus Semien,6.5,Hitter Fantasy Score
Juan Soto,8.0,Hitter Fantasy Score
Nathaniel Lowe,6.0,Hitter Fantasy Score
Aaron Judge,8.5,Hitter Fantasy Score
Adley Rutschman,7.0,Hitter Fantasy Score
Gleyber Torres,7.0,Hitter Fantasy Score
Anthony Santander,7.0,Hitter Fantasy Score
Rich Hill,93.5,Pitches Thrown
Jesús Luzardo,95.5,Pitches Thrown
Justin Verlander,98.5,Pitches Thrown
Aaron Civale,92.5,Pitches Thrown
Kyle Hendricks,90.5,Pitches Thrown
Graham Ashcraft,94.5,Pitches Thrown
Merrill Kelly,92.5,Pitches Thrown
Luis Castillo,100.5,Pitches Thrown
Blake Snell,100.5,Pitches Thrown
Dean Kremer,94.5,Pitches Thrown
Luis Severino,94.5,Pitches Thrown
Colin Rea,3.5,Earned Runs Allowed
Cristopher Sánchez,2.5,Earned Runs Allowed
Michael Kopech,2.5,Earned Runs Allowed
Aaron Civale,2.5,Earned Runs Allowed
Kenta Maeda,2.5,Earned Runs Allowed
Ryan Yarbrough,2.5,Earned Runs Allowed
Luis Medina,3.5,Earned Runs Allowed
Michael Grove,2.5,Earned Runs Allowed
Merrill Kelly,2.5,Earned Runs Allowed
Dean Kremer,2.5,Earned Runs Allowed
Ozzie Albies,0.5,RBIs
Matt Olson,0.5,RBIs
Trea Turner,0.5,Runs
Pete Alonso,0.5,Runs
José Ramírez,0.5,Runs
Steven Kwan,0.5,Runs
Bobby Witt Jr.,0.5,Runs
Carlos Correa,0.5,Runs
Wander Franco,0.5,Runs
Yandy Díaz,0.5,Runs
Paul Goldschmidt,0.5,Runs
Elly De La Cruz,0.5,Runs
Julio Rodríguez,0.5,Runs
Juan Soto,0.5,Runs
Adley Rutschman,0.5,Runs
Gleyber Torres,0.5,Runs
Anthony Santander,0.5,Runs
Michael Harris II,0.5,Hitter Strikeouts
Orlando Arcia,0.5,Hitter Strikeouts
Ozzie Albies,0.5,Hitter Strikeouts
Ronald Acuña Jr.,0.5,Hitter Strikeouts
Alec Bohm,0.5,Hitter Strikeouts
Jean Segura,0.5,Hitter Strikeouts
Riley Greene,1.5,Hitter Strikeouts
Daniel Vogelbach,0.5,Hitter Strikeouts
Francisco Lindor,0.5,Hitter Strikeouts
Keibert Ruiz,0.5,Hitter Strikeouts
Mark Canha,0.5,Hitter Strikeouts
Andrew Benintendi,0.5,Hitter Strikeouts
Carlos Correa,0.5,Hitter Strikeouts
Jorge Polanco,0.5,Hitter Strikeouts
Willi Castro,0.5,Hitter Strikeouts
Wander Franco,0.5,Hitter Strikeouts
Jordan Díaz,0.5,Hitter Strikeouts
Alex Verdugo,0.5,Hitter Strikeouts
Justin Turner,0.5,Hitter Strikeouts
Masataka Yoshida,0.5,Hitter Strikeouts
David Peralta,0.5,Hitter Strikeouts
Will Smith,0.5,Hitter Strikeouts
Aaron Civale,5.0,Pitcher Strikeouts
Michael Kopech,5.0,Pitcher Strikeouts
Kenta Maeda,5.5,Pitcher Strikeouts
Ryan Yarbrough,3.5,Pitcher Strikeouts
Brandon Bielak,4.5,Pitcher Strikeouts
Kyle Hendricks,3.5,Pitcher Strikeouts
Steven Matz,5.0,Pitcher Strikeouts
Luis Medina,5.0,Pitcher Strikeouts
Graham Ashcraft,4.0,Pitcher Strikeouts
Michael Grove,5.0,Pitcher Strikeouts
Luis Castillo,6.0,Pitcher Strikeouts
Merrill Kelly,6.0,Pitcher Strikeouts
Blake Snell,8.0,Pitcher Strikeouts
Cody Bradford,4.0,Pitcher Strikeouts
Luis Severino,5.0,Pitcher Strikeouts
Dean Kremer,5.0,Pitcher Strikeouts
Aaron Civale + Michael Kopech,10.0,Pitcher Strikeouts (Combo)
Ryan Yarbrough + Kenta Maeda,9.0,Pitcher Strikeouts (Combo)
Kyle Hendricks + Steven Matz,8.5,Pitcher Strikeouts (Combo)
Michael Grove + Graham Ashcraft,9.0,Pitcher Strikeouts (Combo)
Merrill Kelly + Luis Castillo,12.0,Pitcher Strikeouts (Combo)
Luis Severino + Dean Kremer,10.0,Pitcher Strikeouts (Combo)
Ryan Yarbrough + Kenta Maeda,0.5,1st Inning Runs Allowed
Aaron Civale + Michael Kopech,0.5,1st Inning Runs Allowed
Luis Severino + Steven Matz,0.5,1st Inning Runs Allowed
Kyle Hendricks + Luis Castillo,0.5,1st Inning Runs Allowed
Scott Alexander + Brennan Bernardino,0.5,1st Inning Runs Allowed
Merrill Kelly + Luis Castillo,0.5,1st Inning Runs Allowed
Michael Grove + Dean Kremer,0.5,1st Inning Runs Allowed
Aaron Civale,5.5,Hits Allowed
Michael Kopech,4.5,Hits Allowed
Steven Matz,5.0,Hits Allowed
Luis Medina,5.5,Hits Allowed
Luis Castillo,5.0,Hits Allowed
Merrill Kelly,5.0,Hits Allowed
Dean Kremer,5.5,Hits Allowed
Seby Zavala,0.5,Total Bases
Carlos Correa,1.5,Total Bases
Miguel Amaya,0.5,Total Bases
Brent Rooker,1.5,Total Bases
C.J. Cron,1.5,Total Bases
Shea Langeliers,1.5,Total Bases
Jordan Díaz,1.5,Total Bases
Ramón Laureano,1.5,Total Bases
Randal Grichuk,1.5,Total Bases
Tony Kemp,1.5,Total Bases
Zack Gelof,1.5,Total Bases
Freddie Freeman,1.5,Total Bases
Elly De La Cruz,1.5,Total Bases
Will Benson,0.5,Total Bases
Kolten Wong,0.5,Total Bases
Mike Ford,0.5,Total Bases
Anthony Santander,1.5,Total Bases
Steven Matz,1.5,Walks Allowed
Aaron Civale,29.5,Pitcher Fantasy Score
Kenta Maeda,29.5,Pitcher Fantasy Score
Kyle Hendricks,22.5,Pitcher Fantasy Score
Luis Castillo,33.5,Pitcher Fantasy Score
Merrill Kelly,31.5,Pitcher Fantasy Score
Blake Snell,40.5,Pitcher Fantasy Score
Luis Severino,24.5,Pitcher Fantasy Score
Dean Kremer,27.5,Pitcher Fantasy Score
Andrew Vaughn,1.5,Hits+Runs+RBIS
Willi Castro,1.5,Hits+Runs+RBIS
Kyle Tucker,1.5,Hits+Runs+RBIS
Josh Lowe,1.5,Hits+Runs+RBIS
Martín Maldonado,0.5,Hits+Runs+RBIS
Yordan Alvarez,1.5,Hits+Runs+RBIS
Brenton Doyle,1.5,Hits+Runs+RBIS
Nick Allen,1.5,Hits+Runs+RBIS
Matt McLain,1.5,Hits+Runs+RBIS
Miguel Rojas,1.5,Hits+Runs+RBIS
Corbin Carroll,1.5,Hits+Runs+RBIS
Ketel Marte,1.5,Hits+Runs+RBIS
Teoscar Hernández,1.5,Hits+Runs+RBIS
Juan Soto,1.5,Hits+Runs+RBIS
Marcus Semien,1.5,Hits+Runs+RBIS
Nathaniel Lowe,1.5,Hits+Runs+RBIS
Harrison Bader,1.5,Hits+Runs+RBIS
Adam Frazier,1.5,Hits+Runs+RBIS
José Ramírez + Luis Robert Jr.,4.0,Hits+Runs+RBIs (Combo)
Bobby Witt Jr. + Carlos Correa,4.0,Hits+Runs+RBIs (Combo)
Kyle Tucker + Wander Franco,3.5,Hits+Runs+RBIs (Combo)
Nico Hoerner + Paul Goldschmidt,4.0,Hits+Runs+RBIs (Combo)
Freddie Freeman + Elly De La Cruz,4.0,Hits+Runs+RBIs (Combo)
Fernando Tatis Jr. + Marcus Semien,4.0,Hits+Runs+RBIs (Combo)
Gleyber Torres + Adley Rutschman,4.0,Hits+Runs+RBIs (Combo)
Kenta Maeda,17.0,Pitching Outs
Ryan Yarbrough,17.0,Pitching Outs
Brandon Bielak,16.5,Pitching Outs
Kyle Hendricks,17.5,Pitching Outs
Steven Matz,15.5,Pitching Outs
Graham Ashcraft,15.5,Pitching Outs
Blake Snell,17.5,Pitching Outs
Dean Kremer,17.0,Pitching Outs
Luis Severino,16.0,Pitching Outs
José Ramírez,8.0,Hitter Fantasy Score
Luis Robert,7.0,Hitter Fantasy Score
Steven Kwan,7.5,Hitter Fantasy Score
Bobby Witt Jr.,8.5,Hitter Fantasy Score
Carlos Correa,7.5,Hitter Fantasy Score
Kyle Tucker,7.5,Hitter Fantasy Score
Wander Franco,8.0,Hitter Fantasy Score
Yordan Alvarez,7.5,Hitter Fantasy Score
Yandy Díaz,7.0,Hitter Fantasy Score
Cody Bellinger,7.0,Hitter Fantasy Score
Paul Goldschmidt,7.5,Hitter Fantasy Score
Nico Hoerner,7.5,Hitter Fantasy Score
Rafael Devers,7.0,Hitter Fantasy Score
Justin Turner,7.5,Hitter Fantasy Score
Freddie Freeman,9.0,Hitter Fantasy Score
Elly De La Cruz,8.5,Hitter Fantasy Score
Matt McLain,7.0,Hitter Fantasy Score
Corbin Carroll,7.0,Hitter Fantasy Score
Julio Rodríguez,7.5,Hitter Fantasy Score
Ketel Marte,6.5,Hitter Fantasy Score
Fernando Tatis Jr.,9.5,Hitter Fantasy Score
Marcus Semien,6.5,Hitter Fantasy Score
Juan Soto,8.0,Hitter Fantasy Score
Nathaniel Lowe,6.0,Hitter Fantasy Score
Aaron Judge,8.5,Hitter Fantasy Score
Adley Rutschman,7.0,Hitter Fantasy Score
Gleyber Torres,7.0,Hitter Fantasy Score
Anthony Santander,7.0,Hitter Fantasy Score
Aaron Civale,92.5,Pitches Thrown
Kyle Hendricks,90.5,Pitches Thrown
Graham Ashcraft,94.5,Pitches Thrown
Merrill Kelly,92.5,Pitches Thrown
Luis Castillo,100.5,Pitches Thrown
Blake Snell,100.5,Pitches Thrown
Dean Kremer,94.5,Pitches Thrown
Luis Severino,94.5,Pitches Thrown
Michael Kopech,2.5,Earned Runs Allowed
Aaron Civale,2.5,Earned Runs Allowed
Kenta Maeda,2.5,Earned Runs Allowed
Ryan Yarbrough,2.5,Earned Runs Allowed
Luis Medina,3.0,Earned Runs Allowed
Michael Grove,2.5,Earned Runs Allowed
Merrill Kelly,2.5,Earned Runs Allowed
Dean Kremer,2.5,Earned Runs Allowed
José Ramírez,0.5,Runs
Steven Kwan,0.5,Runs
Bobby Witt Jr.,0.5,Runs
Carlos Correa,0.5,Runs
Wander Franco,0.5,Runs
Yandy Díaz,0.5,Runs
Paul Goldschmidt,0.5,Runs
Elly De La Cruz,0.5,Runs
Julio Rodríguez,0.5,Runs
Juan Soto,0.5,Runs
Adley Rutschman,0.5,Runs
Gleyber Torres,0.5,Runs
Anthony Santander,0.5,Runs
Andrew Benintendi,0.5,Hitter Strikeouts
Carlos Correa,0.5,Hitter Strikeouts
Jorge Polanco,0.5,Hitter Strikeouts
Willi Castro,0.5,Hitter Strikeouts
Wander Franco,0.5,Hitter Strikeouts
Jordan Díaz,0.5,Hitter Strikeouts
Alex Verdugo,0.5,Hitter Strikeouts
Justin Turner,0.5,Hitter Strikeouts
Masataka Yoshida,0.5,Hitter Strikeouts
Will Smith,0.5,Hitter Strikeouts
Aaron Civale,5.0,Pitcher Strikeouts
Michael Kopech,5.0,Pitcher Strikeouts
Kenta Maeda,5.5,Pitcher Strikeouts
Ryan Yarbrough,3.5,Pitcher Strikeouts
Brandon Bielak,4.5,Pitcher Strikeouts
Kyle Hendricks,3.5,Pitcher Strikeouts
Steven Matz,5.0,Pitcher Strikeouts
Luis Medina,5.0,Pitcher Strikeouts
Graham Ashcraft,4.0,Pitcher Strikeouts
Michael Grove,5.0,Pitcher Strikeouts
Luis Castillo,6.0,Pitcher Strikeouts
Merrill Kelly,6.0,Pitcher Strikeouts
Blake Snell,8.0,Pitcher Strikeouts
Cody Bradford,4.0,Pitcher Strikeouts
Luis Severino,5.0,Pitcher Strikeouts
Dean Kremer,5.0,Pitcher Strikeouts
Aaron Civale + Michael Kopech,10.0,Pitcher Strikeouts (Combo)
Ryan Yarbrough + Kenta Maeda,9.0,Pitcher Strikeouts (Combo)
Kyle Hendricks + Steven Matz,8.5,Pitcher Strikeouts (Combo)
Michael Grove + Graham Ashcraft,9.0,Pitcher Strikeouts (Combo)
Merrill Kelly + Luis Castillo,12.0,Pitcher Strikeouts (Combo)
Luis Severino + Dean Kremer,10.0,Pitcher Strikeouts (Combo)
Ryan Yarbrough + Kenta Maeda,0.5,1st Inning Runs Allowed
Aaron Civale + Michael Kopech,0.5,1st Inning Runs Allowed
Luis Severino + Steven Matz,0.5,1st Inning Runs Allowed
Kyle Hendricks + Luis Castillo,0.5,1st Inning Runs Allowed
Scott Alexander + Brennan Bernardino,0.5,1st Inning Runs Allowed
Merrill Kelly + Luis Castillo,0.5,1st Inning Runs Allowed
Michael Grove + Dean Kremer,0.5,1st Inning Runs Allowed
Aaron Civale,5.5,Hits Allowed
Michael Kopech,4.5,Hits Allowed
Steven Matz,5.0,Hits Allowed
Luis Medina,5.5,Hits Allowed
Luis Castillo,5.0,Hits Allowed
Merrill Kelly,5.0,Hits Allowed
Dean Kremer,5.5,Hits Allowed
Seby Zavala,0.5,Total Bases
Carlos Correa,1.5,Total Bases
Miguel Amaya,0.5,Total Bases
Brent Rooker,1.5,Total Bases
C.J. Cron,1.5,Total Bases
Shea Langeliers,1.5,Total Bases
Jordan Díaz,1.5,Total Bases
Ramón Laureano,1.5,Total Bases
Randal Grichuk,1.5,Total Bases
Tony Kemp,1.5,Total Bases
Zack Gelof,1.5,Total Bases
Freddie Freeman,1.5,Total Bases
Elly De La Cruz,1.5,Total Bases
Will Benson,0.5,Total Bases
Kolten Wong,0.5,Total Bases
Mike Ford,0.5,Total Bases
Anthony Santander,1.5,Total Bases
Steven Matz,1.5,Walks Allowed
Aaron Civale,29.5,Pitcher Fantasy Score
Kenta Maeda,29.5,Pitcher Fantasy Score
Kyle Hendricks,22.5,Pitcher Fantasy Score
Luis Castillo,33.5,Pitcher Fantasy Score
Merrill Kelly,31.5,Pitcher Fantasy Score
Blake Snell,40.5,Pitcher Fantasy Score
Luis Severino,24.5,Pitcher Fantasy Score
Dean Kremer,27.5,Pitcher Fantasy Score
Andrew Vaughn,1.5,Hits+Runs+RBIS
Willi Castro,1.5,Hits+Runs+RBIS
Kyle Tucker,1.5,Hits+Runs+RBIS
Josh Lowe,1.5,Hits+Runs+RBIS
Martín Maldonado,0.5,Hits+Runs+RBIS
Yordan Alvarez,1.5,Hits+Runs+RBIS
Brenton Doyle,1.5,Hits+Runs+RBIS
Nick Allen,1.5,Hits+Runs+RBIS
Matt McLain,1.5,Hits+Runs+RBIS
Miguel Rojas,1.5,Hits+Runs+RBIS
Corbin Carroll,1.5,Hits+Runs+RBIS
Ketel Marte,1.5,Hits+Runs+RBIS
Teoscar Hernández,1.5,Hits+Runs+RBIS
Juan Soto,1.5,Hits+Runs+RBIS
Marcus Semien,1.5,Hits+Runs+RBIS
Nathaniel Lowe,1.5,Hits+Runs+RBIS
Harrison Bader,1.5,Hits+Runs+RBIS
Adam Frazier,1.5,Hits+Runs+RBIS
José Ramírez + Luis Robert Jr.,4.0,Hits+Runs+RBIs (Combo)
Bobby Witt Jr. + Carlos Correa,4.0,Hits+Runs+RBIs (Combo)
Kyle Tucker + Wander Franco,3.5,Hits+Runs+RBIs (Combo)
Nico Hoerner + Paul Goldschmidt,4.0,Hits+Runs+RBIs (Combo)
Freddie Freeman + Elly De La Cruz,4.0,Hits+Runs+RBIs (Combo)
Fernando Tatis Jr. + Marcus Semien,4.0,Hits+Runs+RBIs (Combo)
Gleyber Torres + Adley Rutschman,4.0,Hits+Runs+RBIs (Combo)
Kenta Maeda,17.0,Pitching Outs
Ryan Yarbrough,17.0,Pitching Outs
Brandon Bielak,16.5,Pitching Outs
Kyle Hendricks,17.5,Pitching Outs
Steven Matz,15.5,Pitching Outs
Graham Ashcraft,15.5,Pitching Outs
Blake Snell,17.5,Pitching Outs
Dean Kremer,17.0,Pitching Outs
Luis Severino,16.0,Pitching Outs
José Ramírez,8.0,Hitter Fantasy Score
Luis Robert,7.0,Hitter Fantasy Score
Steven Kwan,7.5,Hitter Fantasy Score
Bobby Witt Jr.,8.5,Hitter Fantasy Score
Carlos Correa,7.5,Hitter Fantasy Score
Kyle Tucker,7.5,Hitter Fantasy Score
Wander Franco,8.0,Hitter Fantasy Score
Yordan Alvarez,7.5,Hitter Fantasy Score
Yandy Díaz,7.0,Hitter Fantasy Score
Cody Bellinger,7.0,Hitter Fantasy Score
Paul Goldschmidt,7.5,Hitter Fantasy Score
Nico Hoerner,7.5,Hitter Fantasy Score
Rafael Devers,7.0,Hitter Fantasy Score
Justin Turner,7.5,Hitter Fantasy Score
Freddie Freeman,9.0,Hitter Fantasy Score
Elly De La Cruz,8.5,Hitter Fantasy Score
Matt McLain,7.0,Hitter Fantasy Score
Corbin Carroll,7.0,Hitter Fantasy Score
Julio Rodríguez,7.5,Hitter Fantasy Score
Ketel Marte,6.5,Hitter Fantasy Score
Fernando Tatis Jr.,9.5,Hitter Fantasy Score
Marcus Semien,6.5,Hitter Fantasy Score
Juan Soto,8.0,Hitter Fantasy Score
Nathaniel Lowe,6.0,Hitter Fantasy Score
Aaron Judge,8.5,Hitter Fantasy Score
Adley Rutschman,7.0,Hitter Fantasy Score
Gleyber Torres,7.0,Hitter Fantasy Score
Anthony Santander,7.0,Hitter Fantasy Score
Aaron Civale,92.5,Pitches Thrown
Kyle Hendricks,90.5,Pitches Thrown
Graham Ashcraft,94.5,Pitches Thrown
Merrill Kelly,92.5,Pitches Thrown
Luis Castillo,100.5,Pitches Thrown
Blake Snell,100.5,Pitches Thrown
Dean Kremer,94.5,Pitches Thrown
Luis Severino,94.5,Pitches Thrown
Michael Kopech,2.5,Earned Runs Allowed
Aaron Civale,2.5,Earned Runs Allowed
Kenta Maeda,2.5,Earned Runs Allowed
Ryan Yarbrough,2.5,Earned Runs Allowed
Luis Medina,3.0,Earned Runs Allowed
Michael Grove,2.5,Earned Runs Allowed
Merrill Kelly,2.5,Earned Runs Allowed
Dean Kremer,2.5,Earned Runs Allowed
José Ramírez,0.5,Runs
Steven Kwan,0.5,Runs
Bobby Witt Jr.,0.5,Runs
Carlos Correa,0.5,Runs
Wander Franco,0.5,Runs
Yandy Díaz,0.5,Runs
Paul Goldschmidt,0.5,Runs
Elly De La Cruz,0.5,Runs
Julio Rodríguez,0.5,Runs
Juan Soto,0.5,Runs
Adley Rutschman,0.5,Runs
Gleyber Torres,0.5,Runs
Anthony Santander,0.5,Runs
Andrew Benintendi,0.5,Hitter Strikeouts
Carlos Correa,0.5,Hitter Strikeouts
Jorge Polanco,0.5,Hitter Strikeouts
Willi Castro,0.5,Hitter Strikeouts
Wander Franco,0.5,Hitter Strikeouts
Jordan Díaz,0.5,Hitter Strikeouts
Alex Verdugo,0.5,Hitter Strikeouts
Justin Turner,0.5,Hitter Strikeouts
Masataka Yoshida,0.5,Hitter Strikeouts
Will Smith,0.5,Hitter Strikeouts
Luis Medina,5.0,Pitcher Strikeouts
Graham Ashcraft,4.0,Pitcher Strikeouts
Michael Grove,5.0,Pitcher Strikeouts
Luis Castillo,6.0,Pitcher Strikeouts
Merrill Kelly,6.0,Pitcher Strikeouts
Blake Snell,8.0,Pitcher Strikeouts
Cody Bradford,4.0,Pitcher Strikeouts
Luis Severino,5.0,Pitcher Strikeouts
Dean Kremer,5.0,Pitcher Strikeouts
Michael Grove + Graham Ashcraft,9.0,Pitcher Strikeouts (Combo)
Merrill Kelly + Luis Castillo,12.0,Pitcher Strikeouts (Combo)
Luis Severino + Dean Kremer,10.0,Pitcher Strikeouts (Combo)
Scott Alexander + Brennan Bernardino,0.5,1st Inning Runs Allowed
Merrill Kelly + Luis Castillo,0.5,1st Inning Runs Allowed
Michael Grove + Dean Kremer,0.5,1st Inning Runs Allowed
Luis Medina,5.5,Hits Allowed
Luis Castillo,5.0,Hits Allowed
Merrill Kelly,5.0,Hits Allowed
Dean Kremer,5.5,Hits Allowed
Brent Rooker,1.5,Total Bases
C.J. Cron,1.5,Total Bases
Shea Langeliers,1.5,Total Bases
Jordan Díaz,1.5,Total Bases
Ramón Laureano,1.5,Total Bases
Randal Grichuk,1.5,Total Bases
Tony Kemp,1.5,Total Bases
Zack Gelof,1.5,Total Bases
Freddie Freeman,1.5,Total Bases
Elly De La Cruz,1.5,Total Bases
Will Benson,0.5,Total Bases
Kolten Wong,0.5,Total Bases
Mike Ford,0.5,Total Bases
Anthony Santander,1.5,Total Bases
Luis Castillo,33.5,Pitcher Fantasy Score
Merrill Kelly,31.5,Pitcher Fantasy Score
Blake Snell,40.5,Pitcher Fantasy Score
Luis Severino,24.5,Pitcher Fantasy Score
Dean Kremer,27.5,Pitcher Fantasy Score
Brenton Doyle,1.5,Hits+Runs+RBIS
Nick Allen,1.5,Hits+Runs+RBIS
Matt McLain,1.5,Hits+Runs+RBIS
Miguel Rojas,1.5,Hits+Runs+RBIS
Corbin Carroll,1.5,Hits+Runs+RBIS
Ketel Marte,1.5,Hits+Runs+RBIS
Teoscar Hernández,1.5,Hits+Runs+RBIS
Juan Soto,1.5,Hits+Runs+RBIS
Marcus Semien,1.5,Hits+Runs+RBIS
Nathaniel Lowe,1.5,Hits+Runs+RBIS
Harrison Bader,1.5,Hits+Runs+RBIS
Adam Frazier,1.5,Hits+Runs+RBIS
Freddie Freeman + Elly De La Cruz,4.0,Hits+Runs+RBIs (Combo)
Fernando Tatis Jr. + Marcus Semien,4.0,Hits+Runs+RBIs (Combo)
Gleyber Torres + Adley Rutschman,4.0,Hits+Runs+RBIs (Combo)
Graham Ashcraft,15.5,Pitching Outs
Blake Snell,17.5,Pitching Outs
Dean Kremer,17.0,Pitching Outs
Luis Severino,16.0,Pitching Outs
Rafael Devers,7.0,Hitter Fantasy Score
Justin Turner,7.5,Hitter Fantasy Score
Freddie Freeman,9.0,Hitter Fantasy Score
Elly De La Cruz,8.5,Hitter Fantasy Score
Matt McLain,7.0,Hitter Fantasy Score
Corbin Carroll,7.0,Hitter Fantasy Score
Julio Rodríguez,7.5,Hitter Fantasy Score
Ketel Marte,6.5,Hitter Fantasy Score
Fernando Tatis Jr.,9.5,Hitter Fantasy Score
Marcus Semien,6.5,Hitter Fantasy Score
Juan Soto,8.0,Hitter Fantasy Score
Nathaniel Lowe,6.0,Hitter Fantasy Score
Aaron Judge,8.5,Hitter Fantasy Score
Adley Rutschman,7.0,Hitter Fantasy Score
Gleyber Torres,7.0,Hitter Fantasy Score
Anthony Santander,7.0,Hitter Fantasy Score
Graham Ashcraft,94.5,Pitches Thrown
Merrill Kelly,92.5,Pitches Thrown
Luis Castillo,100.5,Pitches Thrown
Blake Snell,100.5,Pitches Thrown
Dean Kremer,94.5,Pitches Thrown
Luis Severino,94.5,Pitches Thrown
Luis Medina,3.0,Earned Runs Allowed
Michael Grove,2.5,Earned Runs Allowed
Merrill Kelly,2.5,Earned Runs Allowed
Dean Kremer,2.5,Earned Runs Allowed
Elly De La Cruz,0.5,Runs
Julio Rodríguez,0.5,Runs
Juan Soto,0.5,Runs
Adley Rutschman,0.5,Runs
Gleyber Torres,0.5,Runs
Anthony Santander,0.5,Runs
Jordan Díaz,0.5,Hitter Strikeouts
Alex Verdugo,0.5,Hitter Strikeouts
Justin Turner,0.5,Hitter Strikeouts
Masataka Yoshida,0.5,Hitter Strikeouts
Will Smith,0.5,Hitter Strikeouts
