Dayana Yastremska,Baindl vs Yastremska, Mon 5:00AM,2.5 Aces
Dayana Yastremska,Baindl vs Yastremska, Mon 5:00AM,5.0 Double faults
Dayana Yastremska,Baindl vs Yastremska, Mon 5:00AM,0.5 Sets lost
Dayana Yastremska,Baindl vs Yastremska, Mon 5:00AM,45.35 Fantasy points
Dayana Yastremska,Baindl vs Yastremska, Mon 5:00AM,12.5 Games won
Dayana Yastremska,Baindl vs Yastremska, Mon 5:00AM,11.0 Games lost
Viktoriya Tomova,Tomova vs Korpatsch, Mon 5:00AM,1.0 Aces
Viktoriya Tomova,Tomova vs Korpatsch, Mon 5:00AM,3.0 Double faults
Viktoriya Tomova,Tomova vs Korpatsch, Mon 5:00AM,46.15 Fantasy points
Viktoriya Tomova,Tomova vs Korpatsch, Mon 5:00AM,12.0 Games lost
Daniel Elahi Galan,Galan vs Cecchinato, Mon 5:00AM,5.5 Aces
Daniel Elahi Galan,Galan vs Cecchinato, Mon 5:00AM,1.5 Double faults
Daniel Elahi Galan,Galan vs Cecchinato, Mon 5:00AM,45.65 Fantasy points
Daniel Elahi Galan,Galan vs Cecchinato, Mon 5:00AM,12.5 Games won
Daniel Elahi Galan,Galan vs Cecchinato, Mon 5:00AM,12.0 Games lost
Luca van Assche,Molcan vs van Assche, Mon 5:00AM,2.5 Aces
Luca van Assche,Molcan vs van Assche, Mon 5:00AM,3.0 Double faults
Luca van Assche,Molcan vs van Assche, Mon 5:00AM,43.55 Fantasy points
Luca van Assche,Molcan vs van Assche, Mon 5:00AM,12.0 Games lost
Nao Hibino,Hibino vs Errani, Mon 6:15AM,1.0 Aces
Nao Hibino,Hibino vs Errani, Mon 6:15AM,3.0 Double faults
Nao Hibino,Hibino vs Errani, Mon 6:15AM,43.95 Fantasy points
Nao Hibino,Hibino vs Errani, Mon 6:15AM,12.0 Games lost
Filip Misolic,Misolic vs Andreozzi, Mon 6:20AM,2.5 Aces
Filip Misolic,Misolic vs Andreozzi, Mon 6:20AM,2.0 Double faults
Filip Misolic,Misolic vs Andreozzi, Mon 6:20AM,45.35 Fantasy points
Filip Misolic,Misolic vs Andreozzi, Mon 6:20AM,12.5 Games won
Filip Misolic,Misolic vs Andreozzi, Mon 6:20AM,12.0 Games lost
Juan Pablo Varillas,Varillas vs Ramos-V…, Mon 6:20AM,3.5 Aces
Juan Pablo Varillas,Varillas vs Ramos-V…, Mon 6:20AM,2.0 Double faults
Juan Pablo Varillas,Varillas vs Ramos-V…, Mon 6:20AM,44.25 Fantasy points
Juan Pablo Varillas,Varillas vs Ramos-V…, Mon 6:20AM,12.5 Games won
Juan Pablo Varillas,Varillas vs Ramos-V…, Mon 6:20AM,12.5 Games lost
Xinyu Wang,Wang vs Hruncakova, Mon 6:30AM,2.5 Aces
Xinyu Wang,Wang vs Hruncakova, Mon 6:30AM,4.5 Double faults
Xinyu Wang,Wang vs Hruncakova, Mon 6:30AM,42.05 Fantasy points
Xinyu Wang,Wang vs Hruncakova, Mon 6:30AM,12.5 Games won
Xinyu Wang,Wang vs Hruncakova, Mon 6:30AM,12.0 Games lost
Sebastian Baez,Baez vs Medjedovic, Mon 7:40AM,1.5 Aces
Sebastian Baez,Baez vs Medjedovic, Mon 7:40AM,1.5 Double faults
Sebastian Baez,Baez vs Medjedovic, Mon 7:40AM,44.85 Fantasy points
Sebastian Baez,Baez vs Medjedovic, Mon 7:40AM,12.5 Games won
Sebastian Baez,Baez vs Medjedovic, Mon 7:40AM,12.0 Games lost
Marie Bouzkova,Bouzkova vs Cristian, Mon 7:45AM,2.0 Aces
Marie Bouzkova,Bouzkova vs Cristian, Mon 7:45AM,2.0 Double faults
Marie Bouzkova,Bouzkova vs Cristian, Mon 7:45AM,50.55 Fantasy points
Marie Bouzkova,Bouzkova vs Cristian, Mon 7:45AM,7.0 Games lost
Alize Cornet,Cornet vs Havlickova, Mon 9:00AM,2.0 Aces
Alize Cornet,Cornet vs Havlickova, Mon 9:00AM,5.0 Double faults
Alize Cornet,Cornet vs Havlickova, Mon 9:00AM,47.85 Fantasy points
Alize Cornet,Cornet vs Havlickova, Mon 9:00AM,8.0 Games lost
Roberto Carballes Baena,Pella vs Carballes …, Mon 9:00AM,1.5 Aces
Roberto Carballes Baena,Pella vs Carballes …, Mon 9:00AM,2.0 Double faults
Roberto Carballes Baena,Pella vs Carballes …, Mon 9:00AM,44.45 Fantasy points
Roberto Carballes Baena,Pella vs Carballes …, Mon 9:00AM,12.0 Games lost
Belinda Bencic,Bencic vs Potapova, Mon 12:00PM,3.0 Aces
Belinda Bencic,Bencic vs Potapova, Mon 12:00PM,5.0 Double faults
Belinda Bencic,Bencic vs Potapova, Mon 12:00PM,42.55 Fantasy points
Belinda Bencic,Bencic vs Potapova, Mon 12:00PM,12.5 Games won
Belinda Bencic,Bencic vs Potapova, Mon 12:00PM,12.0 Games lost
Liudmila Samsonova,Collins vs Samsonova, Mon 12:00PM,6.5 Aces
Liudmila Samsonova,Collins vs Samsonova, Mon 12:00PM,5.0 Double faults
Liudmila Samsonova,Collins vs Samsonova, Mon 12:00PM,43.85 Fantasy points
Liudmila Samsonova,Collins vs Samsonova, Mon 12:00PM,12.0 Games lost
Emil Ruusuvuori,Lestienne vs Ruusuv…, Mon 12:00PM,5.5 Aces
Emil Ruusuvuori,Lestienne vs Ruusuv…, Mon 12:00PM,2.5 Double faults
Emil Ruusuvuori,Lestienne vs Ruusuv…, Mon 12:00PM,0.5 Sets lost
Emil Ruusuvuori,Lestienne vs Ruusuv…, Mon 12:00PM,48.25 Fantasy points
Emil Ruusuvuori,Lestienne vs Ruusuv…, Mon 12:00PM,12.5 Games won
Emil Ruusuvuori,Lestienne vs Ruusuv…, Mon 12:00PM,10.0 Games lost
John Isner,Isner vs Hijikata, Mon 10:20PM,18.5 Aces
John Isner,Isner vs Hijikata, Mon 10:20PM,2.5 Double faults
John Isner,Isner vs Hijikata, Mon 10:20PM,49.85 Fantasy points
John Isner,Isner vs Hijikata, Mon 10:20PM,13.0 Games lost
Gabriel Diallo,Diallo vs Brouwer, Mon 9:00PM,8.5 Aces
Gabriel Diallo,Diallo vs Brouwer, Mon 9:00PM,4.0 Double faults
Gabriel Diallo,Diallo vs Brouwer, Mon 9:00PM,44.55 Fantasy points
Gabriel Diallo,Diallo vs Brouwer, Mon 9:00PM,12.5 Games won
Gabriel Diallo,Diallo vs Brouwer, Mon 9:00PM,12.5 Games lost
Nicolas Jarry,Jarry vs Pacheco Me…, Tue 1:00PM,9.5 Aces
Nicolas Jarry,Jarry vs Pacheco Me…, Tue 1:00PM,1.5 Double faults
Nicolas Jarry,Jarry vs Pacheco Me…, Tue 1:00PM,51.25 Fantasy points
Nicolas Jarry,Jarry vs Pacheco Me…, Tue 1:00PM,7.0 Games lost
Cristian Garin,Gojo vs Garin, Tue 1:00PM,3.5 Aces
Cristian Garin,Gojo vs Garin, Tue 1:00PM,2.5 Double faults
Cristian Garin,Gojo vs Garin, Tue 1:00PM,42.65 Fantasy points
Cristian Garin,Gojo vs Garin, Tue 1:00PM,12.5 Games won
Cristian Garin,Gojo vs Garin, Tue 1:00PM,12.5 Games lost
Alejandro Tabilo,Tabilo vs Meligeni …, Tue 12:00AM,7.0 Aces
Alejandro Tabilo,Tabilo vs Meligeni …, Tue 12:00AM,3.5 Double faults
Alejandro Tabilo,Tabilo vs Meligeni …, Tue 12:00AM,0.5 Sets lost
Alejandro Tabilo,Tabilo vs Meligeni …, Tue 12:00AM,45.35 Fantasy points
Alejandro Tabilo,Tabilo vs Meligeni …, Tue 12:00AM,12.5 Games won
Alejandro Tabilo,Tabilo vs Meligeni …, Tue 12:00AM,11.5 Games lost
Dominik Koepfer,Koepfer vs Barrios …, Tue 1:00PM,5.5 Aces
Dominik Koepfer,Koepfer vs Barrios …, Tue 1:00PM,2.5 Double faults
Dominik Koepfer,Koepfer vs Barrios …, Tue 1:00PM,0.5 Sets lost
Dominik Koepfer,Koepfer vs Barrios …, Tue 1:00PM,45.65 Fantasy points
Dominik Koepfer,Koepfer vs Barrios …, Tue 1:00PM,12.5 Games won
Dominik Koepfer,Koepfer vs Barrios …, Tue 1:00PM,11.5 Games lost
James Duckworth,Virtanen vs Duckwor…, Tue 1:00PM,7.0 Aces
James Duckworth,Virtanen vs Duckwor…, Tue 1:00PM,2.5 Double faults
James Duckworth,Virtanen vs Duckwor…, Tue 1:00PM,45.85 Fantasy points
James Duckworth,Virtanen vs Duckwor…, Tue 1:00PM,13.0 Games won
James Duckworth,Virtanen vs Duckwor…, Tue 1:00PM,12.5 Games lost
Bianca Andreescu,Kostyuk vs Andreescu, Mon 1:15PM,1.5 Aces
Bianca Andreescu,Kostyuk vs Andreescu, Mon 1:15PM,3.5 Double faults
Bianca Andreescu,Kostyuk vs Andreescu, Mon 1:15PM,42.95 Fantasy points
Bianca Andreescu,Kostyuk vs Andreescu, Mon 1:15PM,12.0 Games lost
Maxime Cressy,Cressy vs Shevchenko, Mon 1:15PM,12.5 Aces
Maxime Cressy,Cressy vs Shevchenko, Mon 1:15PM,9.5 Double faults
Maxime Cressy,Cressy vs Shevchenko, Mon 1:15PM,42.85 Fantasy points
Maxime Cressy,Cressy vs Shevchenko, Mon 1:15PM,12.5 Games won
Maxime Cressy,Cressy vs Shevchenko, Mon 1:15PM,12.0 Games lost
Yibing Wu,Wu vs Watanuki, Mon 1:20PM,4.5 Aces
Yibing Wu,Wu vs Watanuki, Mon 1:20PM,2.0 Double faults
Yibing Wu,Wu vs Watanuki, Mon 1:20PM,45.95 Fantasy points
Yibing Wu,Wu vs Watanuki, Mon 1:20PM,12.5 Games won
Yibing Wu,Wu vs Watanuki, Mon 1:20PM,12.0 Games lost
Marcos Giron,Giron vs Albot, Mon 3:55PM,6.0 Aces
Marcos Giron,Giron vs Albot, Mon 3:55PM,1.5 Double faults
Marcos Giron,Giron vs Albot, Mon 3:55PM,47.25 Fantasy points
Marcos Giron,Giron vs Albot, Mon 3:55PM,12.5 Games won
Marcos Giron,Giron vs Albot, Mon 3:55PM,11.5 Games lost
Liam Broady,Moutet vs Broady, Mon 4:00PM,2.5 Aces
Liam Broady,Moutet vs Broady, Mon 4:00PM,4.0 Double faults
Liam Broady,Moutet vs Broady, Mon 4:00PM,45.55 Fantasy points
Liam Broady,Moutet vs Broady, Mon 4:00PM,12.5 Games won
Liam Broady,Moutet vs Broady, Mon 4:00PM,12.0 Games lost
Mackenzie McDonald,McDonald vs Schwart…, Mon 4:00PM,6.5 Aces
Mackenzie McDonald,McDonald vs Schwart…, Mon 4:00PM,2.5 Double faults
Mackenzie McDonald,McDonald vs Schwart…, Mon 4:00PM,46.35 Fantasy points
Mackenzie McDonald,McDonald vs Schwart…, Mon 4:00PM,12.5 Games won
Mackenzie McDonald,McDonald vs Schwart…, Mon 4:00PM,11.5 Games lost
Daria Kasatkina,Mertens vs Kasatkina, Mon 5:15PM,1.0 Aces
Daria Kasatkina,Mertens vs Kasatkina, Mon 5:15PM,4.0 Double faults
Daria Kasatkina,Mertens vs Kasatkina, Mon 5:15PM,43.25 Fantasy points
Daria Kasatkina,Mertens vs Kasatkina, Mon 5:15PM,11.5 Games lost
Victoria Azarenka,Azarenka vs Svitoli…, Mon 7:00PM,2.0 Aces
Victoria Azarenka,Azarenka vs Svitoli…, Mon 7:00PM,4.0 Double faults
Victoria Azarenka,Azarenka vs Svitoli…, Mon 7:00PM,39.55 Fantasy points
Victoria Azarenka,Azarenka vs Svitoli…, Mon 7:00PM,12.0 Games lost
Bryce Harper,PHI @ MIA, Mon 6:40PM,7.5 Fantasy Points
Christian Yelich,MIL @ WSH, Mon 7:05PM,7.5 Fantasy Points
Christian Yelich,MIL @ WSH, Mon 7:05PM,1.5 Total Bases
Christian Yelich,MIL @ WSH, Mon 7:05PM,0.5 Batter Walks
Corbin Burnes,MIL @ WSH, Mon 7:05PM,6.0 Strikeouts
Corbin Burnes,MIL @ WSH, Mon 7:05PM,2.0 Earned Runs Allowed
Corbin Burnes,MIL @ WSH, Mon 7:05PM,5.0 Hits Allowed
Corbin Burnes,MIL @ WSH, Mon 7:05PM,1.5 Walks Allowed
Corbin Burnes,MIL @ WSH, Mon 7:05PM,0.5 Pitcher Wins
Joey Wiemer,MIL @ WSH, Mon 7:05PM,0.5 Total Bases
Carlos Santana,MIL @ WSH, Mon 7:05PM,0.5 Singles
Victor Caratini,MIL @ WSH, Mon 7:05PM,0.5 Singles
Willy Adames,MIL @ WSH, Mon 7:05PM,0.5 Singles
Andruw Monasterio,MIL @ WSH, Mon 7:05PM,0.5 Singles
Brice Turang,MIL @ WSH, Mon 7:05PM,0.5 Singles
Sal Frelick,MIL @ WSH, Mon 7:05PM,0.5 Batter Strikeouts
Jake Irvin,WSH vs MIL, Mon 7:05PM,5.0 Strikeouts
Jake Irvin,WSH vs MIL, Mon 7:05PM,2.5 Earned Runs Allowed
Jake Irvin,WSH vs MIL, Mon 7:05PM,5.5 Hits Allowed
Jake Irvin,WSH vs MIL, Mon 7:05PM,2.0 Walks Allowed
Lane Thomas,WSH vs MIL, Mon 7:05PM,6.5 Fantasy Points
Lane Thomas,WSH vs MIL, Mon 7:05PM,0.5 Singles
Alex Call,WSH vs MIL, Mon 7:05PM,0.5 Total Bases
Corey Dickerson,WSH vs MIL, Mon 7:05PM,0.5 Singles
Keibert Ruiz,WSH vs MIL, Mon 7:05PM,0.5 Singles
Keibert Ruiz,WSH vs MIL, Mon 7:05PM,0.5 Batter Strikeouts
CJ Abrams,WSH vs MIL, Mon 7:05PM,0.5 Singles
Joey Meneses,WSH vs MIL, Mon 7:05PM,0.5 Singles
Aaron Judge,NYY vs TB, Mon 7:05PM,8.5 Fantasy Points
Kyle Gibson,BAL @ TOR, Mon 7:07PM,5.0 Strikeouts
Kyle Gibson,BAL @ TOR, Mon 7:07PM,3.0 Earned Runs Allowed
Kyle Gibson,BAL @ TOR, Mon 7:07PM,6.0 Hits Allowed
Kyle Gibson,BAL @ TOR, Mon 7:07PM,2.0 Walks Allowed
Adley Rutschman,BAL @ TOR, Mon 7:07PM,7.5 Fantasy Points
Chris Bassitt,TOR vs BAL, Mon 7:07PM,5.5 Strikeouts
Chris Bassitt,TOR vs BAL, Mon 7:07PM,2.5 Earned Runs Allowed
Chris Bassitt,TOR vs BAL, Mon 7:07PM,5.5 Hits Allowed
Chris Bassitt,TOR vs BAL, Mon 7:07PM,1.5 Walks Allowed
Vladimir Guerrero Jr.,TOR vs BAL, Mon 7:07PM,8.5 Fantasy Points
Vladimir Guerrero Jr.,TOR vs BAL, Mon 7:07PM,0.5 Batter Strikeouts
Bo Bichette,TOR vs BAL, Mon 7:07PM,1.5 Total Bases
George Springer,TOR vs BAL, Mon 7:07PM,0.5 Singles
Danny Jansen,TOR vs BAL, Mon 7:07PM,0.5 Batter Strikeouts
Brandon Belt,TOR vs BAL, Mon 7:07PM,0.5 Batter Walks
Griffin Canning,LAA @ ATL, Mon 7:20PM,5.5 Strikeouts
Griffin Canning,LAA @ ATL, Mon 7:20PM,3.0 Earned Runs Allowed
Griffin Canning,LAA @ ATL, Mon 7:20PM,2.0 Walks Allowed
Shohei Ohtani,LAA @ ATL, Mon 7:20PM,11.5 Fantasy Points
Shohei Ohtani,LAA @ ATL, Mon 7:20PM,0.5 Batter Walks
Luis Rengifo,LAA @ ATL, Mon 7:20PM,0.5 Singles
Mickey Moniak,LAA @ ATL, Mon 7:20PM,1.5 Batter Strikeouts
Charlie Morton,ATL vs LAA, Mon 7:20PM,6.5 Strikeouts
Charlie Morton,ATL vs LAA, Mon 7:20PM,2.5 Earned Runs Allowed
Charlie Morton,ATL vs LAA, Mon 7:20PM,5.0 Hits Allowed
Charlie Morton,ATL vs LAA, Mon 7:20PM,2.0 Walks Allowed
Ronald Acuña Jr.,ATL vs LAA, Mon 7:20PM,12.5 Fantasy Points
Ronald Acuña Jr.,ATL vs LAA, Mon 7:20PM,1.5 Total Bases
Austin Riley,ATL vs LAA, Mon 7:20PM,1.5 Total Bases
Austin Riley,ATL vs LAA, Mon 7:20PM,0.5 Singles
Orlando Arcia,ATL vs LAA, Mon 7:20PM,0.5 Singles
Ozzie Albies,ATL vs LAA, Mon 7:20PM,0.5 Singles
Michael Harris II,ATL vs LAA, Mon 7:20PM,0.5 Singles
Matt Olson,ATL vs LAA, Mon 7:20PM,0.5 Batter Walks
Elly De La Cruz,CIN @ CHC, Mon 8:05PM,8.5 Fantasy Points
Ian Happ,CHC vs CIN, Mon 8:05PM,8.5 Fantasy Points
Noah Syndergaard,CLE @ HOU, Mon 8:10PM,3.0 Earned Runs Allowed
Noah Syndergaard,CLE @ HOU, Mon 8:10PM,5.5 Hits Allowed
Noah Syndergaard,CLE @ HOU, Mon 8:10PM,1.5 Walks Allowed
Josh Bell,CLE @ HOU, Mon 8:10PM,0.5 Singles
José Ramírez,CLE @ HOU, Mon 8:10PM,0.5 Singles
José Ramírez,CLE @ HOU, Mon 8:10PM,0.5 Batter Strikeouts
Josh Naylor,CLE @ HOU, Mon 8:10PM,0.5 Singles
Josh Naylor,CLE @ HOU, Mon 8:10PM,0.5 Batter Strikeouts
Oscar Gonzalez,CLE @ HOU, Mon 8:10PM,0.5 Singles
Andrés Giménez,CLE @ HOU, Mon 8:10PM,0.5 Singles
Steven Kwan,CLE @ HOU, Mon 8:10PM,0.5 Batter Strikeouts
Will Brennan,CLE @ HOU, Mon 8:10PM,0.5 Batter Strikeouts
J.P. France,HOU vs CLE, Mon 8:10PM,4.0 Strikeouts
J.P. France,HOU vs CLE, Mon 8:10PM,2.5 Earned Runs Allowed
J.P. France,HOU vs CLE, Mon 8:10PM,6.0 Hits Allowed
J.P. France,HOU vs CLE, Mon 8:10PM,1.5 Walks Allowed
Yordan Alvarez,HOU vs CLE, Mon 8:10PM,9.5 Fantasy Points
Yordan Alvarez,HOU vs CLE, Mon 8:10PM,1.5 Total Bases
Yordan Alvarez,HOU vs CLE, Mon 8:10PM,0.5 Batter Strikeouts
Yordan Alvarez,HOU vs CLE, Mon 8:10PM,0.5 Batter Walks
Martín Maldonado,HOU vs CLE, Mon 8:10PM,0.5 Total Bases
José Abreu,HOU vs CLE, Mon 8:10PM,0.5 Singles
Alex Bregman,HOU vs CLE, Mon 8:10PM,0.5 Singles
Kyle Tucker,HOU vs CLE, Mon 8:10PM,0.5 Singles
Kyle Tucker,HOU vs CLE, Mon 8:10PM,0.5 Batter Strikeouts
Chas McCormick,HOU vs CLE, Mon 8:10PM,0.5 Singles
Jose Altuve,HOU vs CLE, Mon 8:10PM,0.5 Batter Strikeouts
Seth Lugo,SD @ COL, Mon 8:40PM,5.5 Strikeouts
Seth Lugo,SD @ COL, Mon 8:40PM,3.0 Earned Runs Allowed
Seth Lugo,SD @ COL, Mon 8:40PM,6.0 Hits Allowed
Seth Lugo,SD @ COL, Mon 8:40PM,1.5 Walks Allowed
Fernando Tatis Jr.,SD @ COL, Mon 8:40PM,10.5 Fantasy Points
Fernando Tatis Jr.,SD @ COL, Mon 8:40PM,2.5 Total Bases
Manny Machado,SD @ COL, Mon 8:40PM,2.0 Total Bases
Manny Machado,SD @ COL, Mon 8:40PM,0.5 Batter Strikeouts
Xander Bogaerts,SD @ COL, Mon 8:40PM,1.5 Total Bases
Gary Sánchez,SD @ COL, Mon 8:40PM,1.5 Total Bases
Gary Sánchez,SD @ COL, Mon 8:40PM,0.5 Singles
Jake Cronenworth,SD @ COL, Mon 8:40PM,1.5 Total Bases
Jake Cronenworth,SD @ COL, Mon 8:40PM,0.5 Batter Strikeouts
Juan Soto,SD @ COL, Mon 8:40PM,1.5 Total Bases
Juan Soto,SD @ COL, Mon 8:40PM,0.5 Singles
Luis Campusano,SD @ COL, Mon 8:40PM,1.5 Total Bases
Luis Campusano,SD @ COL, Mon 8:40PM,0.5 Batter Strikeouts
Matthew Batten,SD @ COL, Mon 8:40PM,0.5 Singles
Matthew Batten,SD @ COL, Mon 8:40PM,0.5 Batter Strikeouts
Austin Gomber,COL vs SD, Mon 8:40PM,3.5 Strikeouts
Austin Gomber,COL vs SD, Mon 8:40PM,3.5 Earned Runs Allowed
Austin Gomber,COL vs SD, Mon 8:40PM,6.5 Hits Allowed
Austin Gomber,COL vs SD, Mon 8:40PM,1.5 Walks Allowed
Jurickson Profar,COL vs SD, Mon 8:40PM,8.5 Fantasy Points
Ezequiel Tovar,COL vs SD, Mon 8:40PM,1.5 Total Bases
Ryan McMahon,COL vs SD, Mon 8:40PM,0.5 Singles
Elehuris Montero,COL vs SD, Mon 8:40PM,0.5 Singles
Brenton Doyle,COL vs SD, Mon 8:40PM,0.5 Singles
Harold Castro,COL vs SD, Mon 8:40PM,0.5 Batter Strikeouts
Nick Pivetta,BOS @ SEA, Mon 9:40PM,6.5 Strikeouts
Nick Pivetta,BOS @ SEA, Mon 9:40PM,2.0 Earned Runs Allowed
Nick Pivetta,BOS @ SEA, Mon 9:40PM,4.0 Hits Allowed
Nick Pivetta,BOS @ SEA, Mon 9:40PM,2.0 Walks Allowed
Rafael Devers,BOS @ SEA, Mon 9:40PM,7.5 Fantasy Points
Yu Chang,BOS @ SEA, Mon 9:40PM,0.5 Total Bases
Pablo Reyes,BOS @ SEA, Mon 9:40PM,0.5 Singles
Alex Verdugo,BOS @ SEA, Mon 9:40PM,0.5 Singles
George Kirby,SEA vs BOS, Mon 9:40PM,5.5 Strikeouts
George Kirby,SEA vs BOS, Mon 9:40PM,2.0 Earned Runs Allowed
George Kirby,SEA vs BOS, Mon 9:40PM,5.5 Hits Allowed
Kolten Wong,SEA vs BOS, Mon 9:40PM,0.5 Total Bases
Mike Ford,SEA vs BOS, Mon 9:40PM,0.5 Total Bases
Cade Marlowe,SEA vs BOS, Mon 9:40PM,0.5 Total Bases
Julio Rodríguez,SEA vs BOS, Mon 9:40PM,0.5 Singles
J.P. Crawford,SEA vs BOS, Mon 9:40PM,0.5 Batter Walks
Ryne Nelson,ARI @ SF, Mon 9:45PM,4.0 Strikeouts
Ryne Nelson,ARI @ SF, Mon 9:45PM,2.5 Earned Runs Allowed
Ryne Nelson,ARI @ SF, Mon 9:45PM,5.5 Hits Allowed
Ryne Nelson,ARI @ SF, Mon 9:45PM,1.5 Walks Allowed
Joc Pederson,SF vs ARI, Mon 9:45PM,8.5 Fantasy Points
Joc Pederson,SF vs ARI, Mon 9:45PM,1.5 Total Bases
Michael Conforto,SF vs ARI, Mon 9:45PM,0.5 Singles
Luis Matos,SF vs ARI, Mon 9:45PM,0.5 Singles
Luis Matos,SF vs ARI, Mon 9:45PM,0.5 Batter Strikeouts
Wilmer Flores,SF vs ARI, Mon 9:45PM,0.5 Batter Strikeouts
Brandon Crawford,SF vs ARI, Mon 9:45PM,0.5 Batter Strikeouts
CS:GO s1mple,NAVI @ OG, Mon 6:30AM,16.5 Headshots on Maps 1+2
CS:GO iM,NAVI @ OG, Mon 6:30AM,38.0 Kills on Map 1+2
CS:GO iM,NAVI @ OG, Mon 6:30AM,16.0 Headshots on Maps 1+2
CS:GO jL,NAVI @ OG, Mon 6:30AM,38.0 Kills on Map 1+2
CS:GO jL,NAVI @ OG, Mon 6:30AM,20.5 Headshots on Maps 1+2
CS:GO B1T,NAVI @ OG, Mon 6:30AM,35.5 Kills on Map 1+2
CS:GO B1T,NAVI @ OG, Mon 6:30AM,23.0 Headshots on Maps 1+2
CS:GO Aleksib,NAVI @ OG, Mon 6:30AM,30.0 Kills on Map 1+2
CS:GO Aleksib,NAVI @ OG, Mon 6:30AM,13.0 Headshots on Maps 1+2
CS:GO regali,OG vs NAVI, Mon 6:30AM,38.5 Kills on Map 1+2
CS:GO regali,OG vs NAVI, Mon 6:30AM,14.0 Headshots on Maps 1+2
CS:GO k1to,OG vs NAVI, Mon 6:30AM,34.5 Kills on Map 1+2
CS:GO k1to,OG vs NAVI, Mon 6:30AM,21.5 Headshots on Maps 1+2
CS:GO FASHR,OG vs NAVI, Mon 6:30AM,32.5 Kills on Map 1+2
CS:GO FASHR,OG vs NAVI, Mon 6:30AM,16.0 Headshots on Maps 1+2
CS:GO nexa,OG vs NAVI, Mon 6:30AM,29.5 Kills on Map 1+2
CS:GO nexa,OG vs NAVI, Mon 6:30AM,14.5 Headshots on Maps 1+2
CS:GO F1KU,OG vs NAVI, Mon 6:30AM,33.0 Kills on Map 1+2
CS:GO F1KU,OG vs NAVI, Mon 6:30AM,19.0 Headshots on Maps 1+2
CS:GO Jimpphat,MOUZ @ VIT, Mon 6:30AM,36.0 Kills on Map 1+2
CS:GO xertioN,MOUZ @ VIT, Mon 6:30AM,33.5 Kills on Map 1+2
CS:GO xertioN,MOUZ @ VIT, Mon 6:30AM,17.5 Headshots on Maps 1+2
CS:GO siuhy,MOUZ @ VIT, Mon 6:30AM,31.5 Kills on Map 1+2
CS:GO frozen,MOUZ @ VIT, Mon 6:30AM,38.0 Kills on Map 1+2
CS:GO frozen,MOUZ @ VIT, Mon 6:30AM,18.0 Headshots on Maps 1+2
CS:GO torzsi,MOUZ @ VIT, Mon 6:30AM,9.5 Headshots on Maps 1+2
CS:GO ZywOo,VIT vs MOUZ, Mon 6:30AM,42.5 Kills on Map 1+2
CS:GO ZywOo,VIT vs MOUZ, Mon 6:30AM,17.0 Headshots on Maps 1+2
CS:GO Spinx,VIT vs MOUZ, Mon 6:30AM,38.5 Kills on Map 1+2
CS:GO Spinx,VIT vs MOUZ, Mon 6:30AM,20.0 Headshots on Maps 1+2
CS:GO flameZ,VIT vs MOUZ, Mon 6:30AM,36.0 Kills on Map 1+2
CS:GO flameZ,VIT vs MOUZ, Mon 6:30AM,18.5 Headshots on Maps 1+2
CS:GO Magisk,VIT vs MOUZ, Mon 6:30AM,35.0 Kills on Map 1+2
CS:GO Magisk,VIT vs MOUZ, Mon 6:30AM,17.5 Headshots on Maps 1+2
CS:GO apEX,VIT vs MOUZ, Mon 6:30AM,29.5 Kills on Map 1+2
CS:GO apEX,VIT vs MOUZ, Mon 6:30AM,12.0 Headshots on Maps 1+2
CS:GO m0NESY,G2 @ FAZE, Mon 10:00AM,39.0 Kills on Map 1+2
CS:GO m0NESY,G2 @ FAZE, Mon 10:00AM,15.5 Headshots on Maps 1+2
CS:GO NiKo (G2),G2 @ FAZE, Mon 10:00AM,41.0 Kills on Map 1+2
CS:GO NiKo (G2),G2 @ FAZE, Mon 10:00AM,21.5 Headshots on Maps 1+2
CS:GO huNter-,G2 @ FAZE, Mon 10:00AM,36.5 Kills on Map 1+2
CS:GO huNter-,G2 @ FAZE, Mon 10:00AM,18.5 Headshots on Maps 1+2
CS:GO jks,G2 @ FAZE, Mon 10:00AM,34.0 Kills on Map 1+2
CS:GO jks,G2 @ FAZE, Mon 10:00AM,19.0 Headshots on Maps 1+2
CS:GO HooXi,G2 @ FAZE, Mon 10:00AM,25.5 Kills on Map 1+2
CS:GO HooXi,G2 @ FAZE, Mon 10:00AM,14.0 Headshots on Maps 1+2
CS:GO ropz,FAZE vs G2, Mon 10:00AM,40.0 Kills on Map 1+2
CS:GO broky,FAZE vs G2, Mon 10:00AM,38.5 Kills on Map 1+2
CS:GO broky,FAZE vs G2, Mon 10:00AM,13.0 Headshots on Maps 1+2
CS:GO rain,FAZE vs G2, Mon 10:00AM,34.5 Kills on Map 1+2
CS:GO rain,FAZE vs G2, Mon 10:00AM,19.5 Headshots on Maps 1+2
CS:GO Twistzz,FAZE vs G2, Mon 10:00AM,37.0 Kills on Map 1+2
CS:GO Twistzz,FAZE vs G2, Mon 10:00AM,20.0 Headshots on Maps 1+2
CS:GO karrigan,FAZE vs G2, Mon 10:00AM,27.5 Kills on Map 1+2
CS:GO karrigan,FAZE vs G2, Mon 10:00AM,12.5 Headshots on Maps 1+2
CS:GO device,ASTR @ NIP, Mon 10:00AM,41.0 Kills on Map 1+2
CS:GO device,ASTR @ NIP, Mon 10:00AM,13.0 Headshots on Maps 1+2
CS:GO blameF,ASTR @ NIP, Mon 10:00AM,14.5 Headshots on Maps 1+2
CS:GO Staehr,ASTR @ NIP, Mon 10:00AM,34.0 Kills on Map 1+2
CS:GO Staehr,ASTR @ NIP, Mon 10:00AM,18.0 Headshots on Maps 1+2
CS:GO b0RUP,ASTR @ NIP, Mon 10:00AM,33.0 Kills on Map 1+2
CS:GO b0RUP,ASTR @ NIP, Mon 10:00AM,20.0 Headshots on Maps 1+2
CS:GO Buzz,ASTR @ NIP, Mon 10:00AM,16.0 Headshots on Maps 1+2
CS:GO headtr1ck,NIP vs ASTR, Mon 10:00AM,37.5 Kills on Map 1+2
CS:GO headtr1ck,NIP vs ASTR, Mon 10:00AM,10.5 Headshots on Maps 1+2
CS:GO k0nfig,NIP vs ASTR, Mon 10:00AM,37.5 Kills on Map 1+2
CS:GO k0nfig,NIP vs ASTR, Mon 10:00AM,21.5 Headshots on Maps 1+2
CS:GO REZ,NIP vs ASTR, Mon 10:00AM,33.0 Kills on Map 1+2
CS:GO REZ,NIP vs ASTR, Mon 10:00AM,16.5 Headshots on Maps 1+2
CS:GO Brollan,NIP vs ASTR, Mon 10:00AM,34.5 Kills on Map 1+2
CS:GO Brollan,NIP vs ASTR, Mon 10:00AM,19.0 Headshots on Maps 1+2
CS:GO hampus,NIP vs ASTR, Mon 10:00AM,32.5 Kills on Map 1+2
CS:GO hampus,NIP vs ASTR, Mon 10:00AM,11.0 Headshots on Maps 1+2
CS:GO KRIMZ,FNC @ GL, Mon 1:30PM,34.5 Kills on Map 1+2
CS:GO KRIMZ,FNC @ GL, Mon 1:30PM,15.0 Headshots on Maps 1+2
CS:GO afro,FNC @ GL, Mon 1:30PM,42.0 Kills on Map 1+2
CS:GO afro,FNC @ GL, Mon 1:30PM,13.0 Headshots on Maps 1+2
CS:GO dexter,FNC @ GL, Mon 1:30PM,32.0 Kills on Map 1+2
CS:GO dexter,FNC @ GL, Mon 1:30PM,16.0 Headshots on Maps 1+2
CS:GO roeJ,FNC @ GL, Mon 1:30PM,36.0 Kills on Map 1+2
CS:GO roeJ,FNC @ GL, Mon 1:30PM,19.0 Headshots on Maps 1+2
CS:GO mezii,FNC @ GL, Mon 1:30PM,38.5 Kills on Map 1+2
CS:GO mezii,FNC @ GL, Mon 1:30PM,20.0 Headshots on Maps 1+2
CS:GO volt,GL vs FNC, Mon 1:30PM,34.0 Kills on Map 1+2
CS:GO volt,GL vs FNC, Mon 1:30PM,16.5 Headshots on Maps 1+2
CS:GO Keoz,GL vs FNC, Mon 1:30PM,31.5 Kills on Map 1+2
CS:GO Keoz,GL vs FNC, Mon 1:30PM,18.0 Headshots on Maps 1+2
CS:GO isak,GL vs FNC, Mon 1:30PM,31.5 Kills on Map 1+2
CS:GO isak,GL vs FNC, Mon 1:30PM,16.0 Headshots on Maps 1+2
CS:GO neaLaN,GL vs FNC, Mon 1:30PM,31.0 Kills on Map 1+2
CS:GO neaLaN,GL vs FNC, Mon 1:30PM,16.5 Headshots on Maps 1+2
CS:GO acoR,GL vs FNC, Mon 1:30PM,12.0 Headshots on Maps 1+2
CS:GO electronic,C9 @ MONT, Mon 1:30PM,36.0 Kills on Map 1+2
CS:GO electronic,C9 @ MONT, Mon 1:30PM,17.0 Headshots on Maps 1+2
CS:GO buster,C9 @ MONT, Mon 1:30PM,30.5 Kills on Map 1+2
CS:GO buster,C9 @ MONT, Mon 1:30PM,14.0 Headshots on Maps 1+2
CS:GO sh1ro,C9 @ MONT, Mon 1:30PM,42.0 Kills on Map 1+2
CS:GO sh1ro,C9 @ MONT, Mon 1:30PM,12.5 Headshots on Maps 1+2
CS:GO Hobbit,C9 @ MONT, Mon 1:30PM,17.0 Headshots on Maps 1+2
CS:GO Perfecto,C9 @ MONT, Mon 1:30PM,15.0 Headshots on Maps 1+2
CS:GO kRaSnaL,MONT vs C9, Mon 1:30PM,33.0 Kills on Map 1+2
CS:GO kRaSnaL,MONT vs C9, Mon 1:30PM,15.0 Headshots on Maps 1+2
CS:GO DemQQ,MONT vs C9, Mon 1:30PM,33.5 Kills on Map 1+2
CS:GO br0,MONT vs C9, Mon 1:30PM,35.5 Kills on Map 1+2
CS:GO br0,MONT vs C9, Mon 1:30PM,19.5 Headshots on Maps 1+2
CS:GO sdy,MONT vs C9, Mon 1:30PM,36.5 Kills on Map 1+2
CS:GO sdy,MONT vs C9, Mon 1:30PM,17.0 Headshots on Maps 1+2
CS:GO Woro2k,MONT vs C9, Mon 1:30PM,12.5 Headshots on Maps 1+2
LoL: Rooster,HLEc @ DRXc, Mon 1:00AM,4.5 Kills on Map 1+2
LoL: Roamer,HLEc @ DRXc, Mon 1:00AM,6.0 Kills on Map 1+2
LoL: Duro,HLEc @ DRXc, Mon 1:00AM,1.0 Kills on Map 1+2
LoL: guwon,HLEc @ DRXc, Mon 1:00AM,3.5 Kills on Map 1+2
LoL: Frog,DRXc vs HLEc, Mon 1:00AM,3.5 Kills on Map 1+2
LoL: Sponge,DRXc vs HLEc, Mon 1:00AM,4.5 Kills on Map 1+2
LoL: deokdam,DRXc vs HLEc, Mon 1:00AM,9.5 Kills on Map 1+2
LoL: Pleata,DRXc vs HLEc, Mon 1:00AM,1.0 Kills on Map 1+2
LoL: Dal,T1c @ LSBy, Mon 3:30AM,6.0 Kills on Map 1+2
LoL: Forest,T1c @ LSBy, Mon 3:30AM,5.5 Kills on Map 1+2
LoL: Nice,T1c @ LSBy, Mon 3:30AM,4.5 Kills on Map 1+2
LoL: Baut,T1c @ LSBy, Mon 3:30AM,1.0 Kills on Map 1+2
LoL: Smash,T1c @ LSBy, Mon 3:30AM,10.5 Kills on Map 1+2
LoL: DDahyuk,LSBy vs T1c, Mon 3:30AM,5.5 Kills on Map 1+2
LoL: Vincenzo,LSBy vs T1c, Mon 3:30AM,4.5 Kills on Map 1+2
LoL: Guti,LSBy vs T1c, Mon 3:30AM,7.0 Kills on Map 1+2
LoL: PlanB,LSBy vs T1c, Mon 3:30AM,1.0 Kills on Map 1+2
LoL: Diable,LSBy vs T1c, Mon 3:30AM,10.5 Kills on Map 1+2
LoL: Mihile,NSa @ KDFc, Mon 6:00AM,7.0 Kills on Map 1+2
LoL: Sounda,NSa @ KDFc, Mon 6:00AM,6.5 Kills on Map 1+2
LoL: HH,NSa @ KDFc, Mon 6:00AM,1.0 Kills on Map 1+2
LoL: vital,NSa @ KDFc, Mon 6:00AM,12.5 Kills on Map 1+2
LoL: IlllIma,KDFc vs NSa, Mon 6:00AM,3.5 Kills on Map 1+2
LoL: Courage,KDFc vs NSa, Mon 6:00AM,3.0 Kills on Map 1+2
LoL: Cleaver,KDFc vs NSa, Mon 6:00AM,5.0 Kills on Map 1+2
LoL: klowny,CWOLV @ PART, Mon 12:00PM,6.0 Kills on Maps 1+2+3
LoL: Velja,CWOLV @ PART, Mon 12:00PM,8.5 Kills on Maps 1+2+3
LoL: Peppe,CWOLV @ PART, Mon 12:00PM,9.0 Kills on Maps 1+2+3
LoL: TasteLess,CWOLV @ PART, Mon 12:00PM,1.0 Kills on Maps 1+2+3
LoL: Vaynedeta,CWOLV @ PART, Mon 12:00PM,11.5 Kills on Maps 1+2+3
LoL: Lunddorf,PART vs CWOLV, Mon 12:00PM,7.0 Kills on Maps 1+2+3
LoL: Sn1lle,PART vs CWOLV, Mon 12:00PM,9.0 Kills on Maps 1+2+3
LoL: Rylle,PART vs CWOLV, Mon 12:00PM,14.5 Kills on Maps 1+2+3
LoL: Cl0x,PART vs CWOLV, Mon 12:00PM,2.0 Kills on Maps 1+2+3
LoL: Yakkey,PART vs CWOLV, Mon 12:00PM,16.5 Kills on Maps 1+2+3
Dota: Jhocam,ARMY @ BRHT, Mon 1:00AM,6.0 Kills in Game 1+2
Dota: Varizh,ARMY @ BRHT, Mon 1:00AM,4.0 Kills in Game 1+2
Dota: inYourdreaM (在你的梦里),ARMY @ BRHT, Mon 1:00AM,15.0 Kills in Game 1+2
Dota: db-,ARMY @ BRHT, Mon 1:00AM,14.0 Kills in Game 1+2
Dota: Yowe,ARMY @ BRHT, Mon 1:00AM,16.0 Kills in Game 1+2
Dota: imitator,BRHT vs ARMY, Mon 1:00AM,5.5 Kills in Game 1+2
Dota: once. (Hea2t),BRHT vs ARMY, Mon 1:00AM,10.0 Kills in Game 1+2
Dota: Undyne_,BRHT vs ARMY, Mon 1:00AM,5.0 Kills in Game 1+2
Dota: phoenix,BRHT vs ARMY, Mon 1:00AM,13.0 Kills in Game 1+2
Dota: Irving,BRHT vs ARMY, Mon 1:00AM,7.0 Kills in Game 1+2
CS:GO Cabbi,ESPG @ B8, Mon 4:00AM,39.0 Kills on Map 1+2
CS:GO Cabbi,ESPG @ B8, Mon 4:00AM,23.0 Headshots on Maps 1+2
CS:GO kwezz,ESPG @ B8, Mon 4:00AM,34.0 Kills on Map 1+2
CS:GO kwezz,ESPG @ B8, Mon 4:00AM,19.0 Headshots on Maps 1+2
CS:GO Anlelele,ESPG @ B8, Mon 4:00AM,37.0 Kills on Map 1+2
CS:GO Anlelele,ESPG @ B8, Mon 4:00AM,16.0 Headshots on Maps 1+2
CS:GO Lucky (ESPG),ESPG @ B8, Mon 4:00AM,37.0 Kills on Map 1+2
CS:GO Lucky (ESPG),ESPG @ B8, Mon 4:00AM,14.5 Headshots on Maps 1+2
CS:GO IceBerg,ESPG @ B8, Mon 4:00AM,33.0 Kills on Map 1+2
CS:GO IceBerg,ESPG @ B8, Mon 4:00AM,15.5 Headshots on Maps 1+2
CS:GO OWNER,B8 vs ESPG, Mon 4:00AM,37.0 Kills on Map 1+2
CS:GO OWNER,B8 vs ESPG, Mon 4:00AM,18.0 Headshots on Maps 1+2
CS:GO npl,B8 vs ESPG, Mon 4:00AM,31.0 Kills on Map 1+2
CS:GO npl,B8 vs ESPG, Mon 4:00AM,15.0 Headshots on Maps 1+2
CS:GO cptkurtka023,B8 vs ESPG, Mon 4:00AM,35.5 Kills on Map 1+2
CS:GO cptkurtka023,B8 vs ESPG, Mon 4:00AM,20.5 Headshots on Maps 1+2
CS:GO amster,B8 vs ESPG, Mon 4:00AM,31.0 Kills on Map 1+2
CS:GO amster,B8 vs ESPG, Mon 4:00AM,12.0 Headshots on Maps 1+2
CS:GO r1nkle,B8 vs ESPG, Mon 4:00AM,38.0 Kills on Map 1+2
CS:GO r1nkle,B8 vs ESPG, Mon 4:00AM,14.0 Headshots on Maps 1+2
CS:GO chopper,SPT @ EG, Mon 6:00AM,30.0 Kills on Map 1+2
CS:GO chopper,SPT @ EG, Mon 6:00AM,17.0 Headshots on Maps 1+2
CS:GO donk,SPT @ EG, Mon 6:00AM,41.5 Kills on Map 1+2
CS:GO donk,SPT @ EG, Mon 6:00AM,25.5 Headshots on Maps 1+2
CS:GO zont1x,SPT @ EG, Mon 6:00AM,36.0 Kills on Map 1+2
CS:GO zont1x,SPT @ EG, Mon 6:00AM,15.0 Headshots on Maps 1+2
CS:GO ArtFr0st,SPT @ EG, Mon 6:00AM,8.5 Headshots on Maps 1+2
CS:GO magixx,SPT @ EG, Mon 6:00AM,17.0 Headshots on Maps 1+2
CS:GO junior,EG vs SPT, Mon 6:00AM,11.0 Headshots on Maps 1+2
CS:GO autimatic,EG vs SPT, Mon 6:00AM,36.5 Kills on Map 1+2
CS:GO autimatic,EG vs SPT, Mon 6:00AM,19.0 Headshots on Maps 1+2
CS:GO jeorge,EG vs SPT, Mon 6:00AM,34.5 Kills on Map 1+2
CS:GO jeorge,EG vs SPT, Mon 6:00AM,16.5 Headshots on Maps 1+2
CS:GO HexT,EG vs SPT, Mon 6:00AM,34.5 Kills on Map 1+2
CS:GO HexT,EG vs SPT, Mon 6:00AM,17.0 Headshots on Maps 1+2
CS:GO Walco,EG vs SPT, Mon 6:00AM,33.0 Kills on Map 1+2
CS:GO Walco,EG vs SPT, Mon 6:00AM,17.0 Headshots on Maps 1+2
CS:GO FreeZe,AA @ NXS, Mon 7:00AM,32.0 Kills on Map 1+2
CS:GO FreeZe,AA @ NXS, Mon 7:00AM,15.0 Headshots on Maps 1+2
CS:GO Spiidi,AA @ NXS, Mon 7:00AM,35.0 Kills on Map 1+2
CS:GO Spiidi,AA @ NXS, Mon 7:00AM,14.0 Headshots on Maps 1+2
CS:GO slaxz-,AA @ NXS, Mon 7:00AM,39.5 Kills on Map 1+2
CS:GO slaxz-,AA @ NXS, Mon 7:00AM,10.5 Headshots on Maps 1+2
CS:GO PerX,AA @ NXS, Mon 7:00AM,34.5 Kills on Map 1+2
CS:GO PerX,AA @ NXS, Mon 7:00AM,17.0 Headshots on Maps 1+2
CS:GO awzek,AA @ NXS, Mon 7:00AM,36.5 Kills on Map 1+2
CS:GO awzek,AA @ NXS, Mon 7:00AM,17.0 Headshots on Maps 1+2
CS:GO BTN,NXS vs AA, Mon 7:00AM,30.5 Kills on Map 1+2
CS:GO BTN,NXS vs AA, Mon 7:00AM,14.5 Headshots on Maps 1+2
CS:GO XELLOW,NXS vs AA, Mon 7:00AM,36.5 Kills on Map 1+2
CS:GO XELLOW,NXS vs AA, Mon 7:00AM,11.0 Headshots on Maps 1+2
CS:GO ragga,NXS vs AA, Mon 7:00AM,37.0 Kills on Map 1+2
CS:GO ragga,NXS vs AA, Mon 7:00AM,19.0 Headshots on Maps 1+2
CS:GO roman,SAW @ EFIR, Mon 9:00AM,33.5 Kills on Map 1+2
CS:GO roman,SAW @ EFIR, Mon 9:00AM,18.0 Headshots on Maps 1+2
CS:GO arrozdoce,SAW @ EFIR, Mon 9:00AM,36.0 Kills on Map 1+2
CS:GO arrozdoce,SAW @ EFIR, Mon 9:00AM,19.5 Headshots on Maps 1+2
CS:GO story,SAW @ EFIR, Mon 9:00AM,37.5 Kills on Map 1+2
CS:GO story,SAW @ EFIR, Mon 9:00AM,10.0 Headshots on Maps 1+2
CS:GO ewjerkz,SAW @ EFIR, Mon 9:00AM,36.0 Kills on Map 1+2
CS:GO ewjerkz,SAW @ EFIR, Mon 9:00AM,19.0 Headshots on Maps 1+2
CS:GO MUTiRiS,SAW @ EFIR, Mon 9:00AM,34.0 Kills on Map 1+2
CS:GO MUTiRiS,SAW @ EFIR, Mon 9:00AM,16.0 Headshots on Maps 1+2
CS:GO Calyx,EFIR vs SAW, Mon 9:00AM,35.0 Kills on Map 1+2
CS:GO Calyx,EFIR vs SAW, Mon 9:00AM,21.0 Headshots on Maps 1+2
CS:GO XANTARES,EFIR vs SAW, Mon 9:00AM,42.5 Kills on Map 1+2
CS:GO MAJ3R,EFIR vs SAW, Mon 9:00AM,29.0 Kills on Map 1+2
CS:GO MAJ3R,EFIR vs SAW, Mon 9:00AM,12.5 Headshots on Maps 1+2
CS:GO woxic,EFIR vs SAW, Mon 9:00AM,37.5 Kills on Map 1+2
CS:GO woxic,EFIR vs SAW, Mon 9:00AM,10.0 Headshots on Maps 1+2
CS:GO Wicadia,EFIR vs SAW, Mon 9:00AM,19.5 Headshots on Maps 1+2
CS:GO Patrick,500 @ NEMG, Mon 10:00AM,31.5 Kills on Map 1+2
CS:GO Patrick,500 @ NEMG, Mon 10:00AM,15.0 Headshots on Maps 1+2
CS:GO niki1,500 @ NEMG, Mon 10:00AM,32.5 Kills on Map 1+2
CS:GO niki1,500 @ NEMG, Mon 10:00AM,16.5 Headshots on Maps 1+2
CS:GO dennyslaw,500 @ NEMG, Mon 10:00AM,36.5 Kills on Map 1+2
CS:GO dennyslaw,500 @ NEMG, Mon 10:00AM,11.5 Headshots on Maps 1+2
CS:GO REDSTAR,500 @ NEMG, Mon 10:00AM,41.0 Kills on Map 1+2
CS:GO REDSTAR,500 @ NEMG, Mon 10:00AM,21.0 Headshots on Maps 1+2
CS:GO xsepower,NEMG vs 500, Mon 10:00AM,34.5 Kills on Map 1+2
CS:GO xsepower,NEMG vs 500, Mon 10:00AM,8.5 Headshots on Maps 1+2
CS:GO BELCHONOKK,NEMG vs 500, Mon 10:00AM,36.5 Kills on Map 1+2
CS:GO BELCHONOKK,NEMG vs 500, Mon 10:00AM,17.0 Headshots on Maps 1+2
CS:GO Jyo,NEMG vs 500, Mon 10:00AM,35.0 Kills on Map 1+2
CS:GO Jyo,NEMG vs 500, Mon 10:00AM,15.0 Headshots on Maps 1+2
CS:GO 1eeR,NEMG vs 500, Mon 10:00AM,33.5 Kills on Map 1+2
CS:GO 1eeR,NEMG vs 500, Mon 10:00AM,16.5 Headshots on Maps 1+2
CS:GO Synyx,NEMG vs 500, Mon 10:00AM,30.5 Kills on Map 1+2
CS:GO Synyx,NEMG vs 500, Mon 10:00AM,18.5 Headshots on Maps 1+2
CS:GO sAvana1,SAMP @ iNAT, Mon 1:00PM,32.5 Kills on Map 1+2
CS:GO sAvana1,SAMP @ iNAT, Mon 1:00PM,17.5 Headshots on Maps 1+2
CS:GO T4gg3D,SAMP @ iNAT, Mon 1:00PM,35.0 Kills on Map 1+2
CS:GO T4gg3D,SAMP @ iNAT, Mon 1:00PM,18.0 Headshots on Maps 1+2
CS:GO The eLiVe,SAMP @ iNAT, Mon 1:00PM,31.5 Kills on Map 1+2
CS:GO The eLiVe,SAMP @ iNAT, Mon 1:00PM,16.5 Headshots on Maps 1+2
CS:GO MATYS,SAMP @ iNAT, Mon 1:00PM,44.5 Kills on Map 1+2
CS:GO fino,SAMP @ iNAT, Mon 1:00PM,38.0 Kills on Map 1+2
CS:GO fino,SAMP @ iNAT, Mon 1:00PM,10.5 Headshots on Maps 1+2
CS:GO Impulse,iNAT vs SAMP, Mon 1:00PM,33.5 Kills on Map 1+2
CS:GO Impulse,iNAT vs SAMP, Mon 1:00PM,10.5 Headshots on Maps 1+2
CS:GO DiMKE,iNAT vs SAMP, Mon 1:00PM,35.0 Kills on Map 1+2
CS:GO DiMKE,iNAT vs SAMP, Mon 1:00PM,17.5 Headshots on Maps 1+2
CS:GO Dragon,iNAT vs SAMP, Mon 1:00PM,32.5 Kills on Map 1+2
CS:GO Dragon,iNAT vs SAMP, Mon 1:00PM,17.0 Headshots on Maps 1+2
CS:GO Kind0,iNAT vs SAMP, Mon 1:00PM,34.5 Kills on Map 1+2
CS:GO Kind0,iNAT vs SAMP, Mon 1:00PM,16.0 Headshots on Maps 1+2
CS:GO VLDN,iNAT vs SAMP, Mon 1:00PM,34.5 Kills on Map 1+2
CS:GO VLDN,iNAT vs SAMP, Mon 1:00PM,18.0 Headshots on Maps 1+2
Luis Quiñones,TUA @ SJE, 11:00PM,1.5 Shots Attempted
Fernando Gorriarán,TUA @ SJE, 11:00PM,1.5 Shots Attempted
Daniel de Sousa Britto,SJE vs TUA, 11:00PM,3.5 Saves
Cade Cowell,SJE vs TUA, 11:00PM,1.5 Shots Attempted
Carlos Akapo,SJE vs TUA, 11:00PM,1.5 Clearances
Maria Rodriguez,ESP @ JPN, Mon 3:00AM,2.5 Saves
Jennifer Hermoso,ESP @ JPN, Mon 3:00AM,0.5 Goals + Assists
Jennifer Hermoso,ESP @ JPN, Mon 3:00AM,3.0 Shots Attempted
Jennifer Hermoso,ESP @ JPN, Mon 3:00AM,1.5 Chances Created
Maria Caldentey,ESP @ JPN, Mon 3:00AM,2.0 Shots Attempted
Alexia Putellas,ESP @ JPN, Mon 3:00AM,1.5 Shots Attempted
Salma Paralluelo,ESP @ JPN, Mon 3:00AM,2.0 Shots Attempted
Aitana Bonmati,ESP @ JPN, Mon 3:00AM,1.5 Shots Attempted
Olga Carmona,ESP @ JPN, Mon 3:00AM,0.5 Shots Attempted
Teresa Abilleira,ESP @ JPN, Mon 3:00AM,1.0 Shots Attempted
Teresa Abilleira,ESP @ JPN, Mon 3:00AM,2.5 Chances Created
Ayaka Yamashita,JPN vs ESP, Mon 3:00AM,3.5 Saves
Mina Tanaka,JPN vs ESP, Mon 3:00AM,2.0 Shots Attempted
Mina Tanaka,JPN vs ESP, Mon 3:00AM,1.5 Chances Created
Aoba Fujino,JPN vs ESP, Mon 3:00AM,1.0 Shots Attempted
Honoka Hayashi,JPN vs ESP, Mon 3:00AM,0.5 Shots Attempted
Hikaru Naomoto,JPN vs ESP, Mon 3:00AM,1.0 Shots Attempted
Moeka Minami,JPN vs ESP, Mon 3:00AM,48.5 Passes
Eunice Sakala,ZAM @ CRC, Mon 3:00AM,3.0 Saves
Barbara Banda,ZAM @ CRC, Mon 3:00AM,3.0 Shots Attempted
Racheal Kundananji,ZAM @ CRC, Mon 3:00AM,3.0 Shots Attempted
Ireen Lungu,ZAM @ CRC, Mon 3:00AM,1.5 Shots Attempted
Evarine Katongo,ZAM @ CRC, Mon 3:00AM,1.0 Shots Attempted
Xiomara Mapepa,ZAM @ CRC, Mon 3:00AM,1.5 Shots Attempted
Martha Tembo,ZAM @ CRC, Mon 3:00AM,0.5 Chances Created
Martha Tembo,ZAM @ CRC, Mon 3:00AM,42.5 Passes
Daniela Solera,CRC vs ZAM, Mon 3:00AM,3.0 Saves
Daniela Solera,CRC vs ZAM, Mon 3:00AM,1.5 Goals Against
Priscilla Chinchilla,CRC vs ZAM, Mon 3:00AM,2.0 Shots Attempted
Melissa Herrera,CRC vs ZAM, Mon 3:00AM,2.0 Shots Attempted
Maria Salas,CRC vs ZAM, Mon 3:00AM,1.5 Shots Attempted
Maria Salas,CRC vs ZAM, Mon 3:00AM,0.5 Chances Created
Katherine Alvarado,CRC vs ZAM, Mon 3:00AM,1.0 Shots Attempted
Katherine Alvarado,CRC vs ZAM, Mon 3:00AM,0.5 Chances Created
Katherine Alvarado,CRC vs ZAM, Mon 3:00AM,44.5 Passes
Mackenzie Arnold,AUS @ CAN, Mon 6:00AM,3.0 Saves
Sam Kerr,AUS @ CAN, Mon 6:00AM,0.5 Goals + Assists
Sam Kerr,AUS @ CAN, Mon 6:00AM,3.0 Shots Attempted
Caitlin Foord,AUS @ CAN, Mon 6:00AM,2.5 Shots Attempted
Hayley Raso,AUS @ CAN, Mon 6:00AM,1.5 Shots Attempted
Cortnee Vine,AUS @ CAN, Mon 6:00AM,1.5 Shots Attempted
Steph Catley,AUS @ CAN, Mon 6:00AM,1.0 Shots Attempted
Katrina-Lee Gorry,AUS @ CAN, Mon 6:00AM,1.5 Shots Attempted
Kyra Cooney-Cross,AUS @ CAN, Mon 6:00AM,0.5 Shots Attempted
Alanna Kennedy,AUS @ CAN, Mon 6:00AM,0.5 Shots Attempted
Emily Van Egmond,AUS @ CAN, Mon 6:00AM,1.0 Shots Attempted
Kailen Sheridan,CAN vs AUS, Mon 6:00AM,3.0 Saves
Jordyn Huitema,CAN vs AUS, Mon 6:00AM,2.5 Shots Attempted
Adriana Leon,CAN vs AUS, Mon 6:00AM,1.5 Shots Attempted
Julia Grosso,CAN vs AUS, Mon 6:00AM,0.5 Shots Attempted
Evelyne Viens,CAN vs AUS, Mon 6:00AM,1.5 Shots Attempted
Vanessa Gilles,CAN vs AUS, Mon 6:00AM,67.5 Passes
Chiamaka Nnadozie,NGR @ IRL, Mon 6:00AM,2.5 Saves
Ifeoma Onumonu,NGR @ IRL, Mon 6:00AM,2.0 Shots Attempted
Rasheedat Ajibade,NGR @ IRL, Mon 6:00AM,2.5 Shots Attempted
Ashleigh Plumptre,NGR @ IRL, Mon 6:00AM,0.5 Shots Attempted
Christy Ucheibe,NGR @ IRL, Mon 6:00AM,1.0 Shots Attempted
Christy Ucheibe,NGR @ IRL, Mon 6:00AM,29.5 Passes
Uchenna Kanu,NGR @ IRL, Mon 6:00AM,2.0 Shots Attempted
Courtney Brosnan,IRL vs NGR, Mon 6:00AM,3.0 Saves
Kyra Carusa,IRL vs NGR, Mon 6:00AM,2.0 Shots Attempted
Katie McCabe,IRL vs NGR, Mon 6:00AM,1.5 Shots Attempted
Denise O'Sullivan,IRL vs NGR, Mon 6:00AM,1.0 Shots Attempted
Sinead Louise Farrelly,IRL vs NGR, Mon 6:00AM,1.0 Shots Attempted
Niamh Fahey,IRL vs NGR, Mon 6:00AM,38.5 Passes
Alyssa Naeher,USA @ POR, Tue 3:00AM,1.5 Saves
Sophia Smith,USA @ POR, Tue 3:00AM,3.5 Shots Attempted
Alex Morgan,USA @ POR, Tue 3:00AM,3.0 Shots Attempted
Rose Lavelle,USA @ POR, Tue 3:00AM,2.5 Shots Attempted
Trinity Rodman,USA @ POR, Tue 3:00AM,2.5 Shots Attempted
Lindsey Horan,USA @ POR, Tue 3:00AM,0.5 Goals + Assists
Lindsey Horan,USA @ POR, Tue 3:00AM,2.5 Shots Attempted
Lynn Williams,USA @ POR, Tue 3:00AM,2.5 Shots Attempted
Julie Ertz,USA @ POR, Tue 3:00AM,1.0 Shots Attempted
Crystal Dunn,USA @ POR, Tue 3:00AM,1.0 Shots Attempted
Emily Fox,USA @ POR, Tue 3:00AM,0.5 Shots Attempted
Andi Sullivan,USA @ POR, Tue 3:00AM,1.0 Shots Attempted
Savannah DeMelo,USA @ POR, Tue 3:00AM,1.5 Shots Attempted
Ines Pereira,POR vs USA, Tue 3:00AM,4.5 Saves
Jessica Silva,POR vs USA, Tue 3:00AM,1.0 Shots Attempted
Diana Silva,POR vs USA, Tue 3:00AM,1.0 Shots Attempted
Dak Prescott,2023-24 NFL Season, 9/7 8:20PM,26.5 Passing TDs
Dak Prescott,2023-24 NFL Season, 9/7 8:20PM,4025.5 Passing Yards
Dak Prescott,2023-24 NFL Season, 9/7 8:20PM,12.5 Interceptions
Jared Goff,2023-24 NFL Season, 9/7 8:20PM,25.5 Passing TDs
Jared Goff,2023-24 NFL Season, 9/7 8:20PM,4000.5 Passing Yards
Jared Goff,2023-24 NFL Season, 9/7 8:20PM,11.5 Interceptions
Aaron Rodgers,2023-24 NFL Season, 9/7 8:20PM,28.5 Passing TDs
Aaron Rodgers,2023-24 NFL Season, 9/7 8:20PM,1.5 Rushing TDs
Aaron Rodgers,2023-24 NFL Season, 9/7 8:20PM,4000.5 Passing Yards
Aaron Rodgers,2023-24 NFL Season, 9/7 8:20PM,8.5 Interceptions
Derek Carr,2023-24 NFL Season, 9/7 8:20PM,23.5 Passing TDs
Derek Carr,2023-24 NFL Season, 9/7 8:20PM,3750.5 Passing Yards
Derek Carr,2023-24 NFL Season, 9/7 8:20PM,11.5 Interceptions
Jalen Hurts,2023-24 NFL Season, 9/7 8:20PM,23.5 Passing TDs
Jalen Hurts,2023-24 NFL Season, 9/7 8:20PM,10.5 Rushing TDs
Jalen Hurts,2023-24 NFL Season, 9/7 8:20PM,725.5 Rushing Yards
Jalen Hurts,2023-24 NFL Season, 9/7 8:20PM,3650.5 Passing Yards
Jalen Hurts,2023-24 NFL Season, 9/7 8:20PM,8.5 Interceptions
Russell Wilson,2023-24 NFL Season, 9/7 8:20PM,2.5 Rushing TDs
Russell Wilson,2023-24 NFL Season, 9/7 8:20PM,24.5 Passing TDs
Russell Wilson,2023-24 NFL Season, 9/7 8:20PM,225.5 Rushing Yards
Russell Wilson,2023-24 NFL Season, 9/7 8:20PM,3800.5 Passing Yards
Russell Wilson,2023-24 NFL Season, 9/7 8:20PM,10.5 Interceptions
Jordan Love,2023-24 NFL Season, 9/7 8:20PM,21.5 Passing TDs
Jordan Love,2023-24 NFL Season, 9/7 8:20PM,3350.5 Passing Yards
Jordan Love,2023-24 NFL Season, 9/7 8:20PM,13.5 Interceptions
Kirk Cousins,2023-24 NFL Season, 9/7 8:20PM,29.5 Passing TDs
Kirk Cousins,2023-24 NFL Season, 9/7 8:20PM,4350.5 Passing Yards
Kirk Cousins,2023-24 NFL Season, 9/7 8:20PM,12.5 Interceptions
Trevor Lawrence,2023-24 NFL Season, 9/7 8:20PM,3.0 Rushing TDs
Trevor Lawrence,2023-24 NFL Season, 9/7 8:20PM,27.5 Passing TDs
Trevor Lawrence,2023-24 NFL Season, 9/7 8:20PM,285.5 Rushing Yards
Trevor Lawrence,2023-24 NFL Season, 9/7 8:20PM,4020.5 Passing Yards
Trevor Lawrence,2023-24 NFL Season, 9/7 8:20PM,10.5 Interceptions
Josh Allen,2023-24 NFL Season, 9/7 8:20PM,32.5 Passing TDs
Josh Allen,2023-24 NFL Season, 9/7 8:20PM,7.0 Rushing TDs
Josh Allen,2023-24 NFL Season, 9/7 8:20PM,4300.5 Passing Yards
Josh Allen,2023-24 NFL Season, 9/7 8:20PM,600.5 Rushing Yards
Josh Allen,2023-24 NFL Season, 9/7 8:20PM,13.5 Interceptions
Kenny Pickett,2023-24 NFL Season, 9/7 8:20PM,19.5 Passing TDs
Kenny Pickett,2023-24 NFL Season, 9/7 8:20PM,3350.5 Passing Yards
Kenny Pickett,2023-24 NFL Season, 9/7 8:20PM,11.5 Interceptions
Desmond Ridder,2023-24 NFL Season, 9/7 8:20PM,15.5 Passing TDs
Desmond Ridder,2023-24 NFL Season, 9/7 8:20PM,2650.5 Passing Yards
Desmond Ridder,2023-24 NFL Season, 9/7 8:20PM,10.0 Interceptions
Justin Herbert,2023-24 NFL Season, 9/7 8:20PM,2.5 Rushing TDs
Justin Herbert,2023-24 NFL Season, 9/7 8:20PM,30.5 Passing TDs
Justin Herbert,2023-24 NFL Season, 9/7 8:20PM,199.5 Rushing Yards
Justin Herbert,2023-24 NFL Season, 9/7 8:20PM,4450.5 Passing Yards
Justin Herbert,2023-24 NFL Season, 9/7 8:20PM,10.5 Interceptions
Lamar Jackson,2023-24 NFL Season, 9/7 8:20PM,24.0 Passing TDs
Lamar Jackson,2023-24 NFL Season, 9/7 8:20PM,6.5 Rushing TDs
Lamar Jackson,2023-24 NFL Season, 9/7 8:20PM,3500.5 Passing Yards
Lamar Jackson,2023-24 NFL Season, 9/7 8:20PM,850.5 Rushing Yards
Lamar Jackson,2023-24 NFL Season, 9/7 8:20PM,10.5 Interceptions
Tua Tagovailoa,2023-24 NFL Season, 9/7 8:20PM,25.5 Passing TDs
Tua Tagovailoa,2023-24 NFL Season, 9/7 8:20PM,3800.5 Passing Yards
Tua Tagovailoa,2023-24 NFL Season, 9/7 8:20PM,10.5 Interceptions
Justin Fields,2023-24 NFL Season, 9/7 8:20PM,7.0 Rushing TDs
Justin Fields,2023-24 NFL Season, 9/7 8:20PM,18.5 Passing TDs
Justin Fields,2023-24 NFL Season, 9/7 8:20PM,2950.5 Passing Yards
Justin Fields,2023-24 NFL Season, 9/7 8:20PM,875.5 Rushing Yards
Justin Fields,2023-24 NFL Season, 9/7 8:20PM,11.5 Interceptions
C.J. Stroud,2023-24 NFL Season, 9/7 8:20PM,19.5 Passing TDs
C.J. Stroud,2023-24 NFL Season, 9/7 8:20PM,3300.5 Passing Yards
C.J. Stroud,2023-24 NFL Season, 9/7 8:20PM,13.5 Interceptions
Bryce Young,2023-24 NFL Season, 9/7 8:20PM,21.5 Passing TDs
Bryce Young,2023-24 NFL Season, 9/7 8:20PM,3350.5 Passing Yards
Bryce Young,2023-24 NFL Season, 9/7 8:20PM,12.5 Interceptions
Daniel Jones,2023-24 NFL Season, 9/7 8:20PM,18.5 Passing TDs
Daniel Jones,2023-24 NFL Season, 9/7 8:20PM,4.5 Rushing TDs
Daniel Jones,2023-24 NFL Season, 9/7 8:20PM,575.5 Rushing Yards
Daniel Jones,2023-24 NFL Season, 9/7 8:20PM,3250.5 Passing Yards
Daniel Jones,2023-24 NFL Season, 9/7 8:20PM,8.5 Interceptions
Ryan Tannehill,2023-24 NFL Season, 9/7 8:20PM,16.5 Passing TDs
Ryan Tannehill,2023-24 NFL Season, 9/7 8:20PM,3250.5 Passing Yards
Ryan Tannehill,2023-24 NFL Season, 9/7 8:20PM,9.5 Interceptions
Matthew Stafford,2023-24 NFL Season, 9/7 8:20PM,22.5 Passing TDs
Matthew Stafford,2023-24 NFL Season, 9/7 8:20PM,3850.5 Passing Yards
Matthew Stafford,2023-24 NFL Season, 9/7 8:20PM,11.5 Interceptions
Mac Jones,2023-24 NFL Season, 9/7 8:20PM,19.5 Passing TDs
Mac Jones,2023-24 NFL Season, 9/7 8:20PM,0.5 Rushing TDs
Mac Jones,2023-24 NFL Season, 9/7 8:20PM,3300.5 Passing Yards
Mac Jones,2023-24 NFL Season, 9/7 8:20PM,12.5 Interceptions
Deshaun Watson,2023-24 NFL Season, 9/7 8:20PM,4.0 Rushing TDs
Deshaun Watson,2023-24 NFL Season, 9/7 8:20PM,25.5 Passing TDs
Deshaun Watson,2023-24 NFL Season, 9/7 8:20PM,425.5 Rushing Yards
Deshaun Watson,2023-24 NFL Season, 9/7 8:20PM,3750.5 Passing Yards
Deshaun Watson,2023-24 NFL Season, 9/7 8:20PM,11.5 Interceptions
Geno Smith,2023-24 NFL Season, 9/7 8:20PM,26.5 Passing TDs
Geno Smith,2023-24 NFL Season, 9/7 8:20PM,3850.5 Passing Yards
Geno Smith,2023-24 NFL Season, 9/7 8:20PM,11.5 Interceptions
Patrick Mahomes,2023-24 NFL Season, 9/7 8:20PM,37.5 Passing TDs
Patrick Mahomes,2023-24 NFL Season, 9/7 8:20PM,299.5 Rushing Yards
Patrick Mahomes,2023-24 NFL Season, 9/7 8:20PM,4750.5 Passing Yards
Patrick Mahomes,2023-24 NFL Season, 9/7 8:20PM,11.5 Interceptions
Derrick Henry,2023-24 NFL Season, 9/7 8:20PM,0.5 Receiving TDs
Derrick Henry,2023-24 NFL Season, 9/7 8:20PM,9.5 Rushing TDs
Derrick Henry,2023-24 NFL Season, 9/7 8:20PM,1225.5 Rushing Yards
Bijan Robinson,2023-24 NFL Season, 9/7 8:20PM,8.5 Rushing TDs
Bijan Robinson,2023-24 NFL Season, 9/7 8:20PM,1099.5 Rushing Yards
Najee Harris,2023-24 NFL Season, 9/7 8:20PM,2.5 Receiving TDs
Najee Harris,2023-24 NFL Season, 9/7 8:20PM,6.5 Rushing TDs
Najee Harris,2023-24 NFL Season, 9/7 8:20PM,925.5 Rushing Yards
D'Andre Swift,2023-24 NFL Season, 9/7 8:20PM,4.5 Rushing TDs
D'Andre Swift,2023-24 NFL Season, 9/7 8:20PM,567.5 Rushing Yards
Miles Sanders,2023-24 NFL Season, 9/7 8:20PM,6.0 Rushing TDs
Miles Sanders,2023-24 NFL Season, 9/7 8:20PM,0.5 Receiving TDs
Miles Sanders,2023-24 NFL Season, 9/7 8:20PM,925.5 Rushing Yards
Josh Jacobs,2023-24 NFL Season, 9/7 8:20PM,9.0 Rushing TDs
Josh Jacobs,2023-24 NFL Season, 9/7 8:20PM,0.5 Receiving TDs
Josh Jacobs,2023-24 NFL Season, 9/7 8:20PM,1075.5 Rushing Yards
James Conner,2023-24 NFL Season, 9/7 8:20PM,6.5 Rushing TDs
James Conner,2023-24 NFL Season, 9/7 8:20PM,705.5 Rushing Yards
Dameon Pierce,2023-24 NFL Season, 9/7 8:20PM,5.5 Rushing TDs
Dameon Pierce,2023-24 NFL Season, 9/7 8:20PM,900.5 Rushing Yards
Tony Pollard,2023-24 NFL Season, 9/7 8:20PM,3.0 Receiving TDs
Tony Pollard,2023-24 NFL Season, 9/7 8:20PM,7.5 Rushing TDs
Tony Pollard,2023-24 NFL Season, 9/7 8:20PM,1025.5 Rushing Yards
Saquon Barkley,2023-24 NFL Season, 9/7 8:20PM,7.5 Rushing TDs
Saquon Barkley,2023-24 NFL Season, 9/7 8:20PM,1110.5 Rushing Yards
Rhamondre Stevenson,2023-24 NFL Season, 9/7 8:20PM,6.0 Rushing TDs
Rhamondre Stevenson,2023-24 NFL Season, 9/7 8:20PM,925.5 Rushing Yards
Austin Ekeler,2023-24 NFL Season, 9/7 8:20PM,4.5 Receiving TDs
Austin Ekeler,2023-24 NFL Season, 9/7 8:20PM,8.5 Rushing TDs
Austin Ekeler,2023-24 NFL Season, 9/7 8:20PM,775.5 Rushing Yards
Austin Ekeler,2023-24 NFL Season, 9/7 8:20PM,575.5 Receiving Yards
J.K. Dobbins,2023-24 NFL Season, 9/7 8:20PM,6.5 Rushing TDs
J.K. Dobbins,2023-24 NFL Season, 9/7 8:20PM,875.5 Rushing Yards
Christian McCaffrey,2023-24 NFL Season, 9/7 8:20PM,4.5 Receiving TDs
Christian McCaffrey,2023-24 NFL Season, 9/7 8:20PM,7.0 Rushing TDs
Christian McCaffrey,2023-24 NFL Season, 9/7 8:20PM,599.5 Receiving Yards
Christian McCaffrey,2023-24 NFL Season, 9/7 8:20PM,865.5 Rushing Yards
James Cook,2023-24 NFL Season, 9/7 8:20PM,3.5 Rushing TDs
James Cook,2023-24 NFL Season, 9/7 8:20PM,600.5 Rushing Yards
Rachaad White,2023-24 NFL Season, 9/7 8:20PM,4.5 Rushing TDs
Rachaad White,2023-24 NFL Season, 9/7 8:20PM,780.5 Rushing Yards
Cam Akers,2023-24 NFL Season, 9/7 8:20PM,6.5 Rushing TDs
Cam Akers,2023-24 NFL Season, 9/7 8:20PM,750.5 Rushing Yards
Brian Robinson,2023-24 NFL Season, 9/7 8:20PM,6.5 Rushing TDs
Brian Robinson,2023-24 NFL Season, 9/7 8:20PM,775.5 Rushing Yards
David Montgomery,2023-24 NFL Season, 9/7 8:20PM,7.0 Rushing TDs
David Montgomery,2023-24 NFL Season, 9/7 8:20PM,775.5 Rushing Yards
Nick Chubb,2023-24 NFL Season, 9/7 8:20PM,0.5 Receiving TDs
Nick Chubb,2023-24 NFL Season, 9/7 8:20PM,9.0 Rushing TDs
Nick Chubb,2023-24 NFL Season, 9/7 8:20PM,1200.5 Rushing Yards
Isiah Pacheco,2023-24 NFL Season, 9/7 8:20PM,5.5 Rushing TDs
Isiah Pacheco,2023-24 NFL Season, 9/7 8:20PM,815.5 Rushing Yards
Travis Etienne,2023-24 NFL Season, 9/7 8:20PM,6.5 Rushing TDs
Travis Etienne,2023-24 NFL Season, 9/7 8:20PM,950.5 Rushing Yards
Alexander Mattison,2023-24 NFL Season, 9/7 8:20PM,7.5 Rushing TDs
AJ Dillon,2023-24 NFL Season, 9/7 8:20PM,700.5 Rushing Yards
Khalil Herbert,2023-24 NFL Season, 9/7 8:20PM,600.5 Rushing Yards
Jeff Wilson,2023-24 NFL Season, 9/7 8:20PM,550.5 Rushing Yards
Rashaad Penny,2023-24 NFL Season, 9/7 8:20PM,685.5 Rushing Yards
Jahmyr Gibbs,2023-24 NFL Season, 9/7 8:20PM,580.5 Rushing Yards
Elijah Mitchell,2023-24 NFL Season, 9/7 8:20PM,575.5 Rushing Yards
D'Onta Foreman,2023-24 NFL Season, 9/7 8:20PM,460.5 Rushing Yards
Tyler Allgeier,2023-24 NFL Season, 9/7 8:20PM,480.5 Rushing Yards
Raheem Mostert,2023-24 NFL Season, 9/7 8:20PM,525.5 Rushing Yards
Samaje Perine,2023-24 NFL Season, 9/7 8:20PM,600.5 Rushing Yards
Damien Harris,2023-24 NFL Season, 9/7 8:20PM,550.5 Rushing Yards
Aaron Jones,2023-24 NFL Season, 9/7 8:20PM,875.5 Rushing Yards
Amari Cooper,2023-24 NFL Season, 9/7 8:20PM,6.5 Receiving TDs
Amari Cooper,2023-24 NFL Season, 9/7 8:20PM,905.5 Receiving Yards
Amari Cooper,2023-24 NFL Season, 9/7 8:20PM,72.5 Receptions
DeAndre Hopkins,2023-24 NFL Season, 9/7 8:20PM,4.5 Receiving TDs
DeAndre Hopkins,2023-24 NFL Season, 9/7 8:20PM,875.5 Receiving Yards
Dallas Goedert,2023-24 NFL Season, 9/7 8:20PM,3.5 Receiving TDs
Dallas Goedert,2023-24 NFL Season, 9/7 8:20PM,645.5 Receiving Yards
Dallas Goedert,2023-24 NFL Season, 9/7 8:20PM,55.5 Receptions
Terry McLaurin,2023-24 NFL Season, 9/7 8:20PM,4.0 Receiving TDs
Terry McLaurin,2023-24 NFL Season, 9/7 8:20PM,950.5 Receiving Yards
Terry McLaurin,2023-24 NFL Season, 9/7 8:20PM,72.5 Receptions
Evan Engram,2023-24 NFL Season, 9/7 8:20PM,4.0 Receiving TDs
Evan Engram,2023-24 NFL Season, 9/7 8:20PM,625.5 Receiving Yards
Evan Engram,2023-24 NFL Season, 9/7 8:20PM,61.5 Receptions
Justin Jefferson,2023-24 NFL Season, 9/7 8:20PM,8.5 Receiving TDs
Justin Jefferson,2023-24 NFL Season, 9/7 8:20PM,1405.5 Receiving Yards
Justin Jefferson,2023-24 NFL Season, 9/7 8:20PM,105.5 Receptions
Jaxon Smith-Njigba,2023-24 NFL Season, 9/7 8:20PM,4.5 Receiving TDs
Jaxon Smith-Njigba,2023-24 NFL Season, 9/7 8:20PM,725.5 Receiving Yards
Jaxon Smith-Njigba,2023-24 NFL Season, 9/7 8:20PM,57.5 Receptions
Mike Evans,2023-24 NFL Season, 9/7 8:20PM,6.0 Receiving TDs
Mike Evans,2023-24 NFL Season, 9/7 8:20PM,950.5 Receiving Yards
Mike Evans,2023-24 NFL Season, 9/7 8:20PM,62.5 Receptions
Garrett Wilson,2023-24 NFL Season, 9/7 8:20PM,7.5 Receiving TDs
Garrett Wilson,2023-24 NFL Season, 9/7 8:20PM,1140.5 Receiving Yards
Garrett Wilson,2023-24 NFL Season, 9/7 8:20PM,83.5 Receptions
A.J. Brown,2023-24 NFL Season, 9/7 8:20PM,7.5 Receiving TDs
A.J. Brown,2023-24 NFL Season, 9/7 8:20PM,1100.5 Receiving Yards
A.J. Brown,2023-24 NFL Season, 9/7 8:20PM,75.5 Receptions
DJ Moore,2023-24 NFL Season, 9/7 8:20PM,5.0 Receiving TDs
DJ Moore,2023-24 NFL Season, 9/7 8:20PM,860.5 Receiving Yards
DJ Moore,2023-24 NFL Season, 9/7 8:20PM,62.5 Receptions
CeeDee Lamb,2023-24 NFL Season, 9/7 8:20PM,7.0 Receiving TDs
CeeDee Lamb,2023-24 NFL Season, 9/7 8:20PM,1150.5 Receiving Yards
CeeDee Lamb,2023-24 NFL Season, 9/7 8:20PM,95.5 Receptions
Jahan Dotson,2023-24 NFL Season, 9/7 8:20PM,4.0 Receiving TDs
Jahan Dotson,2023-24 NFL Season, 9/7 8:20PM,800.5 Receiving Yards
Christian Kirk,2023-24 NFL Season, 9/7 8:20PM,5.0 Receiving TDs
Christian Kirk,2023-24 NFL Season, 9/7 8:20PM,800.5 Receiving Yards
Christian Kirk,2023-24 NFL Season, 9/7 8:20PM,70.5 Receptions
George Pickens,2023-24 NFL Season, 9/7 8:20PM,4.5 Receiving TDs
George Pickens,2023-24 NFL Season, 9/7 8:20PM,775.5 Receiving Yards
George Pickens,2023-24 NFL Season, 9/7 8:20PM,55.5 Receptions
Calvin Ridley,2023-24 NFL Season, 9/7 8:20PM,6.0 Receiving TDs
Calvin Ridley,2023-24 NFL Season, 9/7 8:20PM,892.5 Receiving Yards
Calvin Ridley,2023-24 NFL Season, 9/7 8:20PM,70.5 Receptions
Marquise Brown,2023-24 NFL Season, 9/7 8:20PM,4.5 Receiving TDs
Marquise Brown,2023-24 NFL Season, 9/7 8:20PM,900.5 Receiving Yards
Marquise Brown,2023-24 NFL Season, 9/7 8:20PM,70.5 Receptions
Mike Williams,2023-24 NFL Season, 9/7 8:20PM,5.5 Receiving TDs
Mike Williams,2023-24 NFL Season, 9/7 8:20PM,875.5 Receiving Yards
Mike Williams,2023-24 NFL Season, 9/7 8:20PM,57.5 Receptions
Stefon Diggs,2023-24 NFL Season, 9/7 8:20PM,8.5 Receiving TDs
Stefon Diggs,2023-24 NFL Season, 9/7 8:20PM,1200.5 Receiving Yards
Stefon Diggs,2023-24 NFL Season, 9/7 8:20PM,99.5 Receptions
Jordan Addison,2023-24 NFL Season, 9/7 8:20PM,4.5 Receiving TDs
Jordan Addison,2023-24 NFL Season, 9/7 8:20PM,825.5 Receiving Yards
Darren Waller,2023-24 NFL Season, 9/7 8:20PM,4.5 Receiving TDs
Darren Waller,2023-24 NFL Season, 9/7 8:20PM,750.5 Receiving Yards
Darren Waller,2023-24 NFL Season, 9/7 8:20PM,60.5 Receptions
Keenan Allen,2023-24 NFL Season, 9/7 8:20PM,5.0 Receiving TDs
Keenan Allen,2023-24 NFL Season, 9/7 8:20PM,875.5 Receiving Yards
Mark Andrews,2023-24 NFL Season, 9/7 8:20PM,6.5 Receiving TDs
Mark Andrews,2023-24 NFL Season, 9/7 8:20PM,800.5 Receiving Yards
Mark Andrews,2023-24 NFL Season, 9/7 8:20PM,69.5 Receptions
Davante Adams,2023-24 NFL Season, 9/7 8:20PM,8.0 Receiving TDs
Davante Adams,2023-24 NFL Season, 9/7 8:20PM,1325.5 Receiving Yards
Davante Adams,2023-24 NFL Season, 9/7 8:20PM,96.5 Receptions
Treylon Burks,2023-24 NFL Season, 9/7 8:20PM,4.5 Receiving TDs
Treylon Burks,2023-24 NFL Season, 9/7 8:20PM,715.5 Receiving Yards
Allen Lazard,2023-24 NFL Season, 9/7 8:20PM,4.5 Receiving TDs
Allen Lazard,2023-24 NFL Season, 9/7 8:20PM,600.5 Receiving Yards
Cooper Kupp,2023-24 NFL Season, 9/7 8:20PM,9.0 Receiving TDs
Cooper Kupp,2023-24 NFL Season, 9/7 8:20PM,1325.5 Receiving Yards
Cooper Kupp,2023-24 NFL Season, 9/7 8:20PM,107.5 Receptions
Adam Thielen,2023-24 NFL Season, 9/7 8:20PM,4.5 Receiving TDs
Adam Thielen,2023-24 NFL Season, 9/7 8:20PM,575.5 Receiving Yards
Adam Thielen,2023-24 NFL Season, 9/7 8:20PM,55.5 Receptions
Deebo Samuel,2023-24 NFL Season, 9/7 8:20PM,4.5 Receiving TDs
Deebo Samuel,2023-24 NFL Season, 9/7 8:20PM,815.5 Receiving Yards
Deebo Samuel,2023-24 NFL Season, 9/7 8:20PM,59.5 Receptions
Drake London,2023-24 NFL Season, 9/7 8:20PM,4.5 Receiving TDs
Drake London,2023-24 NFL Season, 9/7 8:20PM,850.5 Receiving Yards
Drake London,2023-24 NFL Season, 9/7 8:20PM,70.5 Receptions
Chris Olave,2023-24 NFL Season, 9/7 8:20PM,5.0 Receiving TDs
Chris Olave,2023-24 NFL Season, 9/7 8:20PM,1065.5 Receiving Yards
Chris Olave,2023-24 NFL Season, 9/7 8:20PM,75.5 Receptions
Brandon Aiyuk,2023-24 NFL Season, 9/7 8:20PM,4.5 Receiving TDs
Brandon Aiyuk,2023-24 NFL Season, 9/7 8:20PM,775.5 Receiving Yards
Jerry Jeudy,2023-24 NFL Season, 9/7 8:20PM,5.0 Receiving TDs
Jerry Jeudy,2023-24 NFL Season, 9/7 8:20PM,900.5 Receiving Yards
Jerry Jeudy,2023-24 NFL Season, 9/7 8:20PM,67.5 Receptions
DK Metcalf,2023-24 NFL Season, 9/7 8:20PM,7.0 Receiving TDs
DK Metcalf,2023-24 NFL Season, 9/7 8:20PM,950.5 Receiving Yards
DK Metcalf,2023-24 NFL Season, 9/7 8:20PM,76.5 Receptions
Gabe Davis,2023-24 NFL Season, 9/7 8:20PM,6.0 Receiving TDs
Gabe Davis,2023-24 NFL Season, 9/7 8:20PM,735.5 Receiving Yards
Gabe Davis,2023-24 NFL Season, 9/7 8:20PM,50.5 Receptions
JuJu Smith-Schuster,2023-24 NFL Season, 9/7 8:20PM,4.5 Receiving TDs
JuJu Smith-Schuster,2023-24 NFL Season, 9/7 8:20PM,725.5 Receiving Yards
Christian Watson,2023-24 NFL Season, 9/7 8:20PM,5.5 Receiving TDs
Christian Watson,2023-24 NFL Season, 9/7 8:20PM,850.5 Receiving Yards
Christian Watson,2023-24 NFL Season, 9/7 8:20PM,62.5 Receptions
T.J. Hockenson,2023-24 NFL Season, 9/7 8:20PM,5.5 Receiving TDs
T.J. Hockenson,2023-24 NFL Season, 9/7 8:20PM,800.5 Receiving Yards
David Njoku,2023-24 NFL Season, 9/7 8:20PM,3.5 Receiving TDs
David Njoku,2023-24 NFL Season, 9/7 8:20PM,560.5 Receiving Yards
DeVonta Smith,2023-24 NFL Season, 9/7 8:20PM,6.5 Receiving TDs
DeVonta Smith,2023-24 NFL Season, 9/7 8:20PM,1000.5 Receiving Yards
DeVonta Smith,2023-24 NFL Season, 9/7 8:20PM,80.5 Receptions
Tyler Higbee,2023-24 NFL Season, 9/7 8:20PM,4.5 Receiving TDs
Tyler Higbee,2023-24 NFL Season, 9/7 8:20PM,499.5 Receiving Yards
Michael Gallup,2023-24 NFL Season, 9/7 8:20PM,4.5 Receiving TDs
Michael Gallup,2023-24 NFL Season, 9/7 8:20PM,600.5 Receiving Yards
Sam LaPorta,2023-24 NFL Season, 9/7 8:20PM,3.5 Receiving TDs
Pat Freiermuth,2023-24 NFL Season, 9/7 8:20PM,4.5 Receiving TDs
Pat Freiermuth,2023-24 NFL Season, 9/7 8:20PM,625.5 Receiving Yards
George Kittle,2023-24 NFL Season, 9/7 8:20PM,5.0 Receiving TDs
George Kittle,2023-24 NFL Season, 9/7 8:20PM,700.5 Receiving Yards
George Kittle,2023-24 NFL Season, 9/7 8:20PM,57.5 Receptions
Marquez Valdes-Scantling,2023-24 NFL Season, 9/7 8:20PM,3.5 Receiving TDs
Marquez Valdes-Scantling,2023-24 NFL Season, 9/7 8:20PM,625.5 Receiving Yards
Chris Godwin,2023-24 NFL Season, 9/7 8:20PM,5.5 Receiving TDs
Chris Godwin,2023-24 NFL Season, 9/7 8:20PM,905.5 Receiving Yards
Chris Godwin,2023-24 NFL Season, 9/7 8:20PM,80.5 Receptions
Diontae Johnson,2023-24 NFL Season, 9/7 8:20PM,5.5 Receiving TDs
Diontae Johnson,2023-24 NFL Season, 9/7 8:20PM,875.5 Receiving Yards
Diontae Johnson,2023-24 NFL Season, 9/7 8:20PM,82.5 Receptions
Dawson Knox,2023-24 NFL Season, 9/7 8:20PM,4.5 Receiving TDs
Dawson Knox,2023-24 NFL Season, 9/7 8:20PM,425.5 Receiving Yards
Dawson Knox,2023-24 NFL Season, 9/7 8:20PM,39.5 Receptions
Van Jefferson,2023-24 NFL Season, 9/7 8:20PM,4.0 Receiving TDs
Tyreek Hill,2023-24 NFL Season, 9/7 8:20PM,7.5 Receiving TDs
Tyreek Hill,2023-24 NFL Season, 9/7 8:20PM,1305.5 Receiving Yards
Tyreek Hill,2023-24 NFL Season, 9/7 8:20PM,102.5 Receptions
Jaylen Waddle,2023-24 NFL Season, 9/7 8:20PM,7.5 Receiving TDs
Jaylen Waddle,2023-24 NFL Season, 9/7 8:20PM,1045.5 Receiving Yards
Jaylen Waddle,2023-24 NFL Season, 9/7 8:20PM,87.5 Receptions
Tyler Lockett,2023-24 NFL Season, 9/7 8:20PM,5.5 Receiving TDs
Tyler Lockett,2023-24 NFL Season, 9/7 8:20PM,825.5 Receiving Yards
Tyler Lockett,2023-24 NFL Season, 9/7 8:20PM,68.5 Receptions
Courtland Sutton,2023-24 NFL Season, 9/7 8:20PM,4.5 Receiving TDs
Courtland Sutton,2023-24 NFL Season, 9/7 8:20PM,725.5 Receiving Yards
Courtland Sutton,2023-24 NFL Season, 9/7 8:20PM,55.5 Receptions
Travis Kelce,2023-24 NFL Season, 9/7 8:20PM,9.5 Receiving TDs
Travis Kelce,2023-24 NFL Season, 9/7 8:20PM,1125.5 Receiving Yards
Travis Kelce,2023-24 NFL Season, 9/7 8:20PM,95.5 Receptions
Kyle Pitts,2023-24 NFL Season, 9/7 8:20PM,4.5 Receiving TDs
Kyle Pitts,2023-24 NFL Season, 9/7 8:20PM,775.5 Receiving Yards
Kyle Pitts,2023-24 NFL Season, 9/7 8:20PM,52.5 Receptions
Odell Beckham,2023-24 NFL Season, 9/7 8:20PM,4.5 Receiving TDs
Odell Beckham,2023-24 NFL Season, 9/7 8:20PM,575.5 Receiving Yards
Odell Beckham,2023-24 NFL Season, 9/7 8:20PM,40.5 Receptions
Amon-Ra St. Brown,2023-24 NFL Season, 9/7 8:20PM,5.5 Receiving TDs
Amon-Ra St. Brown,2023-24 NFL Season, 9/7 8:20PM,1010.5 Receiving Yards
Amon-Ra St. Brown,2023-24 NFL Season, 9/7 8:20PM,95.5 Receptions
Robert Woods,2023-24 NFL Season, 9/7 8:20PM,599.5 Receiving Yards
DJ Chark,2023-24 NFL Season, 9/7 8:20PM,700.5 Receiving Yards
Tim Patrick,2023-24 NFL Season, 9/7 8:20PM,540.5 Receiving Yards
Tim Patrick,2023-24 NFL Season, 9/7 8:20PM,37.5 Receptions
Romeo Doubs,2023-24 NFL Season, 9/7 8:20PM,575.5 Receiving Yards
Elijah Moore,2023-24 NFL Season, 9/7 8:20PM,515.5 Receiving Yards
Chase Claypool,2023-24 NFL Season, 9/7 8:20PM,550.5 Receiving Yards
Nico Collins,2023-24 NFL Season, 9/7 8:20PM,632.5 Receiving Yards
Donovan Peoples-Jones,2023-24 NFL Season, 9/7 8:20PM,500.5 Receiving Yards
Russell Gage,2023-24 NFL Season, 9/7 8:20PM,475.5 Receiving Yards
Zay Flowers,2023-24 NFL Season, 9/7 8:20PM,599.5 Receiving Yards
Quentin Johnston,2023-24 NFL Season, 9/7 8:20PM,599.5 Receiving Yards
Rashod Bateman,2023-24 NFL Season, 9/7 8:20PM,600.5 Receiving Yards
Dalton Schultz,2023-24 NFL Season, 9/7 8:20PM,500.5 Receiving Yards
Isaiah Hodgins,2023-24 NFL Season, 9/7 8:20PM,425.5 Receiving Yards
Brandin Cooks,2023-24 NFL Season, 9/7 8:20PM,775.5 Receiving Yards
Marvin Jones,2023-24 NFL Season, 9/7 8:20PM,475.5 Receiving Yards
Skyy Moore,2023-24 NFL Season, 9/7 8:20PM,550.5 Receiving Yards
Bradley Chubb,2023-24 NFL Season, 9/7 8:20PM,8.0 Sacks
Micah Parsons,2023-24 NFL Season, 9/7 8:20PM,13.5 Sacks
Leonard Floyd,2023-24 NFL Season, 9/7 8:20PM,7.5 Sacks
Matthew Judon,2023-24 NFL Season, 9/7 8:20PM,11.5 Sacks
Joey Bosa,2023-24 NFL Season, 9/7 8:20PM,10.0 Sacks
Uchenna Nwosa,2023-24 NFL Season, 9/7 8:20PM,7.5 Sacks
Chandler Jones,2023-24 NFL Season, 9/7 8:20PM,7.5 Sacks
Cameron Jordan,2023-24 NFL Season, 9/7 8:20PM,7.5 Sacks
Za'Darius Smith,2023-24 NFL Season, 9/7 8:20PM,9.5 Sacks
Will Anderson,2023-24 NFL Season, 9/7 8:20PM,8.0 Sacks
Khalil Mack,2023-24 NFL Season, 9/7 8:20PM,8.0 Sacks
Brian Burns,2023-24 NFL Season, 9/7 8:20PM,10.0 Sacks
Nick Bosa,2023-24 NFL Season, 9/7 8:20PM,15.5 Sacks
Aidan Hutchinson,2023-24 NFL Season, 9/7 8:20PM,10.5 Sacks
Alex Highsmith,2023-24 NFL Season, 9/7 8:20PM,9.5 Sacks
Preston Smith,2023-24 NFL Season, 9/7 8:20PM,7.5 Sacks
Haason Reddick,2023-24 NFL Season, 9/7 8:20PM,11.5 Sacks
Gregory Rousseau,2023-24 NFL Season, 9/7 8:20PM,7.5 Sacks
Trey Hendrickson,2023-24 NFL Season, 9/7 8:20PM,10.0 Sacks
Myles Garrett,2023-24 NFL Season, 9/7 8:20PM,14.0 Sacks
Tyree Wilson,2023-24 NFL Season, 9/7 8:20PM,6.0 Sacks
George Karlaftis,2023-24 NFL Season, 9/7 8:20PM,6.5 Sacks
T.J. Watt,2023-24 NFL Season, 9/7 8:20PM,13.5 Sacks
Josh Sweat,2023-24 NFL Season, 9/7 8:20PM,8.0 Sacks
Frank Clark,2023-24 NFL Season, 9/7 8:20PM,5.5 Sacks
Jaelan Phillips,2023-24 NFL Season, 9/7 8:20PM,8.5 Sacks
Sam Hubbard,2023-24 NFL Season, 9/7 8:20PM,6.5 Sacks
Maxx Crosby,2023-24 NFL Season, 9/7 8:20PM,11.5 Sacks
Kayvon Thibodeaux,2023-24 NFL Season, 9/7 8:20PM,6.0 Sacks
